id,root
1,1
2,1
3,2
4,1
5,3
6,2
7,3
8,2
9,2
10,2
11,1
12,1
13,1
14,1
15,2
16,1
17,1
18,1
19,1
20,2
21,2
22,2
23,2
24,1
25,2
26,1
27,2
28,1
29,1
30,1
31,2
32,1
33,1
34,2
35,1
36,1
37,3
38,1
39,1
40,3
41,2
42,1
43,1
44,2
45,1
46,2
47,3
48,3
49,1
50,1
51,1
52,1
53,2
54,1
55,1
56,1
57,2
58,2
59,2
60,1
61,2
62,3
63,2
64,1
65,2
66,1
67,3
68,1
69,1
70,1
71,1
72,1
73,1
74,2
75,2
76,2
77,2
78,2
79,1
80,1
81,1
82,1
83,3
84,2
85,2
86,1
87,2
88,1
89,1
90,1
91,1
92,1
93,1
94,1
95,1
96,1
97,2
98,1
99,3
100,1
101,1
102,2
103,3
104,1
105,1
106,2
107,1
108,3
109,2
110,2
111,1
112,2
113,1
114,1
115,2
116,3
117,2
118,3
119,6
120,1
121,1
122,2
123,1
124,3
125,1
126,2
127,1
128,1
129,1
130,1
131,1
132,2
133,1
134,2
135,1
136,1
137,1
138,1
139,3
140,1
141,2
142,1
143,2
144,1
145,2
146,3
147,3
148,3
149,2
150,1
151,1
152,1
153,1
154,1
155,3
156,1
157,3
158,1
159,1
160,2
161,1
162,1
163,1
164,1
165,2
166,2
167,1
168,2
169,1
170,1
171,2
172,2
173,2
174,1
175,1
176,1
177,2
178,2
179,2
180,1
181,1
182,1
183,2
184,1
185,1
186,1
187,2
188,1
189,2
190,1
191,1
192,2
193,1
194,1
195,1
196,1
197,2
198,2
199,2
200,1
201,2
202,1
203,3
204,1
205,1
206,1
207,1
208,1
209,1
210,1
211,1
212,2
213,2
214,2
215,1
216,1
217,1
218,2
219,1
220,2
221,2
222,1
223,1
224,1
225,1
226,1
227,2
228,1
229,1
230,2
231,1
232,1
233,1
234,1
235,1
236,1
237,3
238,4
239,1
240,1
241,2
242,2
243,1
244,1
245,2
246,1
247,1
248,1
249,1
250,1
251,2
252,1
253,2
254,1
255,1
256,3
257,1
258,1
259,1
260,1
261,2
262,2
263,1
264,1
265,1
266,2
267,2
268,1
269,2
270,1
271,3
272,1
273,1
274,1
275,1
276,1
277,1
278,2
279,1
280,1
281,1
282,1
283,2
284,2
285,1
286,1
287,1
288,1
289,1
290,3
291,1
292,1
293,1
294,1
295,1
296,1
297,2
298,1
299,1
300,1
301,2
302,2
303,1
304,2
305,3
306,1
307,1
308,1
309,1
310,2
311,2
312,1
313,1
314,2
315,1
316,2
317,1
318,2
319,1
320,1
321,1
322,2
323,2
324,3
325,2
326,1
327,2
328,1
329,1
330,1
331,2
332,1
333,1
334,2
335,1
336,4
337,1
338,1
339,2
340,1
341,1
342,2
343,2
344,1
345,1
346,2
347,1
348,4
349,1
350,1
351,1
352,1
353,2
354,1
355,1
356,3
357,1
358,1
359,2
360,1
361,1
362,2
363,1
364,1
365,3
366,3
367,4
368,1
369,1
370,1
371,3
372,1
373,1
374,2
375,1
376,1
377,1
378,1
379,2
380,1
381,2
382,1
383,1
384,3
385,2
386,1
387,2
388,1
389,1
390,3
391,1
392,1
393,1
394,2
395,1
396,5
397,2
398,1
399,1
400,1
401,1
402,2
403,1
404,1
405,1
406,1
407,1
408,2
409,1
410,1
411,2
412,1
413,2
414,2
415,1
416,1
417,1
418,3
419,1
420,2
421,1
422,6
423,5
424,2
425,2
426,2
427,1
428,1
429,3
430,1
431,3
432,1
433,3
434,1
435,1
436,2
437,3
438,1
439,2
440,1
441,3
442,1
443,3
444,1
445,4
446,1
447,2
448,1
449,1
450,2
451,1
452,2
453,1
454,1
455,1
456,1
457,3
458,5
459,2
460,1
461,1
462,2
463,1
464,4
465,1
466,1
467,1
468,1
469,2
470,1
471,1
472,1
473,1
474,2
475,1
476,1
477,2
478,3
479,1
480,1
481,1
482,2
483,1
484,1
485,1
486,1
487,2
488,1
489,1
490,2
491,1
492,1
493,1
494,1
495,1
496,12
497,15
498,4
499,7
500,5
501,3
502,1
503,1
504,11
505,1
506,8
507,10
508,4
509,6
510,11
511,7
512,6
513,11
514,1
515,9
516,3
517,1
518,4
519,5
520,3
521,5
522,6
523,4
524,7
525,1
526,5
527,1
528,5
529,11
530,9
531,1
532,2
533,11
534,10
535,5
536,4
537,4
538,2
539,3
540,9
541,3
542,6
543,9
544,12
545,5
546,8
547,4
548,18
549,8
550,5
551,2
552,3
553,6
554,9
555,2
556,5
557,9
558,3
559,3
560,2
561,4
562,5
563,14
564,4
565,1
566,6
567,6
568,4
569,1
570,1
571,2
572,15
573,11
574,1
575,5
576,6
577,4
578,2
579,12
580,2
581,7
582,5
583,9
584,10
585,7
586,9
587,7
588,9
589,3
590,14
591,10
592,7
593,18
594,7
595,2
596,11
597,4
598,2
599,4
600,4
601,2
602,18
603,3
604,5
605,11
606,5
607,10
608,3
609,6
610,3
611,3
612,13
613,5
614,8
615,10
616,7
617,15
618,3
619,15
620,10
621,1
622,5
623,2
624,12
625,8
626,7
627,4
628,10
629,1
630,2
631,2
632,3
633,2
634,5
635,6
636,1
637,10
638,1
639,5
640,1
641,5
642,5
643,1
644,6
645,5
646,4
647,5
648,1
649,9
650,4
651,7
652,8
653,7
654,3
655,1
656,2
657,10
658,2
659,1
660,4
661,5
662,5
663,9
664,7
665,1
666,10
667,2
668,4
669,12
670,1
671,1
672,5
673,8
674,12
675,7
676,7
677,6
678,2
679,5
680,2
681,7
682,8
683,1
684,1
685,5
686,8
687,2
688,8
689,12
690,15
691,2
692,20
693,3
694,6
695,4
696,11
697,5
698,2
699,7
700,8
701,1
702,1
703,5
704,10
705,4
706,3
707,3
708,1
709,4
710,8
711,17
712,2
713,3
714,10
715,2
716,10
717,3
718,3
719,1
720,5
721,6
722,7
723,3
724,9
725,2
726,6
727,6
728,3
729,4
730,6
731,4
732,8
733,5
734,16
735,1
736,8
737,5
738,3
739,2
740,3
741,5
742,6
743,6
744,6
745,14
746,2
747,1
748,2
749,1
750,5
751,2
752,3
753,6
754,1
755,1
756,1
757,7
758,1
759,12
760,12
761,3
762,6
763,1
764,4
765,13
766,4
767,10
768,3
769,10
770,6
771,9
772,1
773,1
774,4
775,3
776,3
777,1
778,11
779,6
780,1
781,9
782,3
783,4
784,3
785,2
786,9
787,1
788,7
789,8
790,6
791,13
792,2
793,7
794,5
795,5
796,7
797,2
798,18
799,4
800,5
801,1
802,3
803,1
804,2
805,7
806,4
807,2
808,2
809,9
810,5
811,1
812,14
813,6
814,4
815,5
816,8
817,4
818,1
819,11
820,7
821,12
822,4
823,4
824,1
825,1
826,5
827,5
828,3
829,5
830,1
831,7
832,2
833,2
834,4
835,6
836,4
837,2
838,12
839,13
840,1
841,1
842,6
843,2
844,3
845,5
846,7
847,1
848,10
849,1
850,5
851,3
852,3
853,1
854,10
855,6
856,2
857,3
858,8
859,4
860,3
861,3
862,1
863,1
864,6
865,3
866,14
867,1
868,9
869,6
870,5
871,3
872,5
873,1
874,8
875,12
876,1
877,7
878,2
879,3
880,8
881,5
882,3
883,4
884,5
885,1
886,4
887,6
888,1
889,4
890,3
891,4
892,6
893,10
894,8
895,5
896,7
897,9
898,5
899,13
900,1
901,5
902,6
903,9
904,3
905,5
906,10
907,2
908,2
909,2
910,8
911,6
912,8
913,5
914,10
915,2
916,2
917,5
918,4
919,1
920,7
921,4
922,1
923,5
924,7
925,7
926,8
927,10
928,12
929,5
930,1
931,3
932,9
933,1
934,6
935,12
936,12
937,9
938,10
939,5
940,5
941,1
942,1
943,3
944,9
945,4
946,3
947,15
948,4
949,5
950,5
951,6
952,4
953,7
954,1
955,2
956,1
957,3
958,2
959,1
960,14
961,3
962,4
963,8
964,2
965,1
966,13
967,9
968,1
969,11
970,12
971,9
972,4
973,8
974,2
975,4
976,4
977,6
978,6
979,2
980,8
981,10
982,2
983,2
984,3
985,5
986,13
987,4
988,7
989,4
990,8
991,10
992,7
993,6
994,4
995,3
996,15
997,4
998,4
999,18
1000,6
1001,15
1002,2
1003,8
1004,6
1005,2
1006,10
1007,1
1008,9
1009,2
1010,1
1011,5
1012,1
1013,6
1014,5
1015,7
1016,8
1017,9
1018,2
1019,13
1020,4
1021,5
1022,11
1023,8
1024,1
1025,7
1026,3
1027,6
1028,15
1029,12
1030,11
1031,1
1032,17
1033,16
1034,3
1035,1
1036,9
1037,1
1038,14
1039,4
1040,12
1041,1
1042,18
1043,5
1044,17
1045,8
1046,11
1047,8
1048,4
1049,4
1050,1
1051,4
1052,6
1053,8
1054,4
1055,3
1056,1
1057,7
1058,2
1059,2
1060,24
1061,1
1062,2
1063,5
1064,2
1065,9
1066,5
1067,16
1068,11
1069,4
1070,15
1071,1
1072,1
1073,1
1074,4
1075,15
1076,6
1077,11
1078,18
1079,3
1080,21
1081,10
1082,8
1083,3
1084,2
1085,9
1086,11
1087,2
1088,2
1089,5
1090,18
1091,11
1092,4
1093,6
1094,10
1095,1
1096,3
1097,16
1098,6
1099,1
1100,3
1101,5
1102,34
1103,7
1104,12
1105,12
1106,13
1107,1
1108,9
1109,3
1110,5
1111,3
1112,14
1113,2
1114,3
1115,1
1116,9
1117,5
1118,17
1119,10
1120,3
1121,2
1122,4
1123,4
1124,17
1125,2
1126,7
1127,2
1128,3
1129,1
1130,5
1131,4
1132,9
1133,14
1134,7
1135,15
1136,13
1137,5
1138,6
1139,10
1140,7
1141,1
1142,19
1143,8
1144,5
1145,4
1146,2
1147,2
1148,2
1149,9
1150,13
1151,6
1152,14
1153,8
1154,2
1155,18
1156,12
1157,7
1158,3
1159,15
1160,10
1161,4
1162,4
1163,6
1164,7
1165,6
1166,4
1167,3
1168,5
1169,9
1170,13
1171,5
1172,14
1173,8
1174,17
1175,9
1176,9
1177,12
1178,3
1179,6
1180,14
1181,11
1182,4
1183,1
1184,18
1185,13
1186,3
1187,8
1188,9
1189,2
1190,2
1191,3
1192,8
1193,2
1194,19
1195,16
1196,14
1197,6
1198,4
1199,3
1200,3
1201,7
1202,8
1203,5
1204,1
1205,8
1206,9
1207,2
1208,2
1209,2
1210,2
1211,19
1212,16
1213,15
1214,9
1215,12
1216,1
1217,1
1218,3
1219,4
1220,12
1221,10
1222,1
1223,6
1224,10
1225,1
1226,5
1227,7
1228,1
1229,6
1230,8
1231,16
1232,1
1233,13
1234,6
1235,15
1236,6
1237,17
1238,6
1239,4
1240,17
1241,3
1242,12
1243,3
1244,2
1245,7
1246,8
1247,6
1248,8
1249,5
1250,1
1251,10
1252,25
1253,3
1254,5
1255,2
1256,6
1257,16
1258,3
1259,1
1260,1
1261,2
1262,2
1263,5
1264,1
1265,3
1266,4
1267,6
1268,6
1269,8
1270,2
1271,2
1272,1
1273,3
1274,5
1275,5
1276,9
1277,3
1278,4
1279,1
1280,3
1281,12
1282,5
1283,1
1284,11
1285,15
1286,14
1287,12
1288,10
1289,5
1290,7
1291,9
1292,5
1293,6
1294,12
1295,4
1296,9
1297,1
1298,16
1299,4
1300,7
1301,20
1302,22
1303,3
1304,5
1305,12
1306,2
1307,12
1308,18
1309,1
1310,11
1311,1
1312,3
1313,6
1314,13
1315,11
1316,13
1317,7
1318,12
1319,13
1320,5
1321,1
1322,6
1323,4
1324,9
1325,1
1326,1
1327,7
1328,6
1329,7
1330,5
1331,1
1332,6
1333,2
1334,14
1335,10
1336,3
1337,1
1338,9
1339,12
1340,8
1341,13
1342,14
1343,2
1344,2
1345,11
1346,6
1347,5
1348,13
1349,4
1350,13
1351,16
1352,7
1353,2
1354,12
1355,3
1356,8
1357,1
1358,10
1359,15
1360,4
1361,6
1362,9
1363,1
1364,9
1365,5
1366,7
1367,15
1368,8
1369,8
1370,1
1371,11
1372,23
1373,1
1374,7
1375,11
1376,5
1377,4
1378,9
1379,1
1380,2
1381,2
1382,9
1383,7
1384,11
1385,9
1386,19
1387,3
1388,1
1389,15
1390,9
1391,12
1392,9
1393,12
1394,12
1395,2
1396,15
1397,3
1398,4
1399,2
1400,10
1401,2
1402,4
1403,12
1404,11
1405,2
1406,11
1407,7
1408,10
1409,1
1410,6
1411,8
1412,6
1413,9
1414,2
1415,13
1416,11
1417,9
1418,8
1419,11
1420,5
1421,1
1422,7
1423,10
1424,2
1425,11
1426,4
1427,3
1428,20
1429,12
1430,23
1431,4
1432,12
1433,3
1434,6
1435,2
1436,1
1437,12
1438,2
1439,14
1440,1
1441,5
1442,4
1443,12
1444,12
1445,3
1446,15
1447,15
1448,5
1449,13
1450,5
1451,1
1452,10
1453,2
1454,4
1455,17
1456,5
1457,8
1458,15
1459,21
1460,2
1461,11
1462,3
1463,8
1464,13
1465,12
1466,5
1467,14
1468,4
1469,17
1470,4
1471,3
1472,9
1473,16
1474,5
1475,6
1476,1
1477,6
1478,16
1479,1
1480,11
1481,1
1482,8
1483,4
1484,9
1485,1
1486,4
1487,16
1488,5
1489,3
1490,6
1491,3
1492,1
1493,4
1494,18
1495,9
1496,5
1497,12
1498,4
1499,9
1500,4
1501,1
1502,15
1503,6
1504,20
1505,16
1506,8
1507,3
1508,2
1509,10
1510,10
1511,1
1512,5
1513,3
1514,1
1515,7
1516,9
1517,6
1518,3
1519,3
1520,1
1521,13
1522,8
1523,9
1524,1
1525,1
1526,8
1527,12
1528,14
1529,1
1530,4
1531,4
1532,13
1533,5
1534,9
1535,6
1536,7
1537,7
1538,1
1539,23
1540,14
1541,5
1542,1
1543,1
1544,3
1545,11
1546,4
1547,6
1548,1
1549,4
1550,20
1551,1
1552,6
1553,12
1554,13
1555,6
1556,10
1557,6
1558,12
1559,1
1560,9
1561,1
1562,4
1563,1
1564,9
1565,15
1566,3
1567,5
1568,9
1569,7
1570,9
1571,5
1572,18
1573,19
1574,13
1575,6
1576,11
1577,4
1578,8
1579,12
1580,25
1581,1
1582,8
1583,11
1584,8
1585,9
1586,3
1587,4
1588,1
1589,4
1590,4
1591,1
1592,17
1593,2
1594,2
1595,17
1596,5
1597,16
1598,7
1599,2
1600,23
1601,8
1602,10
1603,1
1604,2
1605,6
1606,6
1607,21
1608,3
1609,1
1610,1
1611,4
1612,6
1613,12
1614,1
1615,2
1616,3
1617,4
1618,11
1619,12
1620,8
1621,3
1622,7
1623,4
1624,1
1625,11
1626,6
1627,4
1628,3
1629,2
1630,7
1631,1
1632,5
1633,4
1634,10
1635,1
1636,4
1637,4
1638,7
1639,6
1640,10
1641,6
1642,10
1643,1
1644,2
1645,2
1646,10
1647,1
1648,8
1649,17
1650,13
1651,4
1652,3
1653,6
1654,1
1655,10
1656,10
1657,2
1658,8
1659,11
1660,1
1661,8
1662,6
1663,5
1664,1
1665,6
1666,9
1667,1
1668,8
1669,4
1670,9
1671,4
1672,8
1673,2
1674,1
1675,14
1676,1
1677,2
1678,26
1679,25
1680,24
1681,4
1682,7
1683,5
1684,17
1685,2
1686,6
1687,9
1688,4
1689,4
1690,17
1691,4
1692,9
1693,3
1694,17
1695,5
1696,5
1697,5
1698,3
1699,11
1700,2
1701,23
1702,5
1703,4
1704,6
1705,5
1706,8
1707,4
1708,4
1709,3
1710,4
1711,8
1712,2
1713,1
1714,16
1715,5
1716,7
1717,3
1718,11
1719,2
1720,4
1721,3
1722,10
1723,3
1724,19
1725,12
1726,8
1727,4
1728,4
1729,19
1730,13
1731,3
1732,10
1733,7
1734,11
1735,6
1736,9
1737,4
1738,4
1739,16
1740,3
1741,5
1742,7
1743,1
1744,1
1745,7
1746,12
1747,1
1748,2
1749,18
1750,14
1751,4
1752,14
1753,5
1754,2
1755,18
1756,9
1757,2
1758,4
1759,14
1760,18
1761,5
1762,6
1763,4
1764,13
1765,1
1766,7
1767,4
1768,22
1769,3
1770,3
1771,1
1772,22
1773,7
1774,12
1775,4
1776,17
1777,2
1778,12
1779,8
1780,13
1781,8
1782,1
1783,9
1784,8
1785,3
1786,11
1787,17
1788,15
1789,15
1790,1
1791,1
1792,8
1793,1
1794,6
1795,17
1796,8
1797,2
1798,10
1799,5
1800,9
1801,7
1802,4
1803,1
1804,8
1805,18
1806,11
1807,9
1808,7
1809,1
1810,7
1811,5
1812,6
1813,5
1814,2
1815,10
1816,4
1817,7
1818,4
1819,9
1820,5
1821,19
1822,10
1823,11
1824,18
1825,12
1826,2
1827,5
1828,15
1829,11
1830,2
1831,1
1832,5
1833,1
1834,22
1835,7
1836,11
1837,10
1838,4
1839,11
1840,12
1841,13
1842,1
1843,8
1844,8
1845,6
1846,10
1847,11
1848,8
1849,8
1850,5
1851,7
1852,5
1853,2
1854,9
1855,12
1856,13
1857,3
1858,2
1859,5
1860,1
1861,3
1862,7
1863,5
1864,3
1865,3
1866,6
1867,20
1868,9
1869,4
1870,13
1871,12
1872,6
1873,5
1874,2
1875,6
1876,1
1877,2
1878,5
1879,14
1880,6
1881,11
1882,6
1883,13
1884,2
1885,10
1886,6
1887,7
1888,12
1889,1
1890,7
1891,1
1892,3
1893,15
1894,7
1895,22
1896,4
1897,1
1898,12
1899,11
1900,6
1901,12
1902,9
1903,13
1904,1
1905,3
1906,3
1907,6
1908,6
1909,15
1910,1
1911,11
1912,1
1913,2
1914,15
1915,2
1916,9
1917,8
1918,11
1919,4
1920,8
1921,1
1922,11
1923,7
1924,10
1925,5
1926,20
1927,10
1928,3
1929,8
1930,12
1931,4
1932,14
1933,6
1934,2
1935,2
1936,11
1937,19
1938,10
1939,6
1940,16
1941,7
1942,5
1943,3
1944,2
1945,10
1946,6
1947,1
1948,5
1949,2
1950,23
1951,7
1952,5
1953,1
1954,17
1955,9
1956,16
1957,3
1958,1
1959,11
1960,10
1961,3
1962,16
1963,8
1964,11
1965,3
1966,6
1967,7
1968,3
1969,9
1970,7
1971,13
1972,9
1973,14
1974,7
1975,8
1976,3
1977,12
1978,17
1979,9
1980,15
1981,1
1982,1
1983,1
1984,1
1985,1
1986,2
1987,1
1988,1
1989,3
1990,2
1991,1
1992,2
1993,4
1994,1
1995,2
1996,5
1997,2
1998,2
1999,13
2000,7
2001,4
2002,2
2003,5
2004,2
2005,8
2006,15
2007,4
2008,15
2009,7
2010,18
2011,1
2012,13
2013,9
2014,15
2015,11
2016,6
2017,2
2018,8
2019,7
2020,1
2021,11
2022,1
2023,2
2024,10
2025,25
2026,12
2027,4
2028,2
2029,10
2030,10
2031,5
2032,14
2033,9
2034,27
2035,10
2036,2
2037,12
2038,28
2039,29
2040,15
2041,12
2042,14
2043,1
2044,21
2045,21
2046,4
2047,12
2048,12
2049,9
2050,20
2051,14
2052,15
2053,12
2054,4
2055,14
2056,15
2057,5
2058,8
2059,7
2060,26
2061,28
2062,1
2063,15
2064,21
2065,11
2066,16
2067,29
2068,7
2069,20
2070,17
2071,9
2072,3
2073,17
2074,21
2075,14
2076,13
2077,3
2078,14
2079,1
2080,15
2081,16
2082,6
2083,4
2084,38
2085,9
2086,4
2087,10
2088,7
2089,4
2090,7
2091,8
2092,1
2093,26
2094,5
2095,19
2096,13
2097,25
2098,12
2099,7
2100,18
2101,19
2102,18
2103,9
2104,17
2105,8
2106,5
2107,12
2108,19
2109,8
2110,8
2111,12
2112,3
2113,23
2114,18
2115,1
2116,2
2117,8
2118,11
2119,5
2120,10
2121,3
2122,17
2123,8
2124,12
2125,7
2126,15
2127,2
2128,7
2129,17
2130,8
2131,7
2132,2
2133,15
2134,19
2135,6
2136,2
2137,15
2138,14
2139,2
2140,13
2141,15
2142,10
2143,11
2144,20
2145,13
2146,14
2147,28
2148,14
2149,4
2150,7
2151,15
2152,9
2153,6
2154,10
2155,6
2156,6
2157,13
2158,19
2159,12
2160,9
2161,6
2162,18
2163,12
2164,1
2165,15
2166,6
2167,13
2168,8
2169,5
2170,14
2171,10
2172,10
2173,33
2174,11
2175,23
2176,8
2177,12
2178,2
2179,8
2180,3
2181,7
2182,15
2183,5
2184,8
2185,13
2186,21
2187,4
2188,18
2189,17
2190,6
2191,16
2192,17
2193,6
2194,8
2195,1
2196,12
2197,3
2198,6
2199,15
2200,24
2201,7
2202,18
2203,11
2204,6
2205,16
2206,15
2207,16
2208,19
2209,14
2210,9
2211,11
2212,5
2213,1
2214,3
2215,6
2216,19
2217,4
2218,9
2219,25
2220,7
2221,5
2222,9
2223,7
2224,27
2225,29
2226,16
2227,8
2228,14
2229,12
2230,26
2231,16
2232,19
2233,2
2234,14
2235,2
2236,5
2237,15
2238,8
2239,8
2240,35
2241,28
2242,22
2243,26
2244,26
2245,6
2246,10
2247,23
2248,5
2249,19
2250,19
2251,19
2252,1
2253,9
2254,20
2255,36
2256,16
2257,10
2258,3
2259,22
2260,19
2261,14
2262,6
2263,9
2264,2
2265,5
2266,13
2267,10
2268,6
2269,12
2270,2
2271,6
2272,10
2273,2
2274,17
2275,3
2276,13
2277,18
2278,12
2279,7
2280,13
2281,9
2282,21
2283,10
2284,21
2285,18
2286,7
2287,31
2288,1
2289,10
2290,21
2291,3
2292,16
2293,25
2294,28
2295,49
2296,10
2297,3
2298,12
2299,16
2300,33
2301,12
2302,12
2303,5
2304,15
2305,13
2306,4
2307,1
2308,2
2309,13
2310,2
2311,1
2312,2
2313,3
2314,26
2315,19
2316,31
2317,20
2318,7
2319,4
2320,28
2321,8
2322,1
2323,20
2324,18
2325,8
2326,6
2327,17
2328,3
2329,11
2330,9
2331,16
2332,24
2333,23
2334,10
2335,2
2336,24
2337,8
2338,17
2339,7
2340,18
2341,25
2342,7
2343,20
2344,3
2345,1
2346,3
2347,3
2348,14
2349,15
2350,21
2351,16
2352,2
2353,40
2354,2
2355,14
2356,1
2357,14
2358,10
2359,8
2360,6
2361,1
2362,6
2363,2
2364,6
2365,16
2366,2
2367,6
2368,10
2369,36
2370,4
2371,2
2372,11
2373,18
2374,31
2375,9
2376,11
2377,8
2378,28
2379,1
2380,15
2381,7
2382,12
2383,26
2384,29
2385,18
2386,12
2387,9
2388,5
2389,5
2390,16
2391,14
2392,3
2393,31
2394,10
2395,13
2396,17
2397,1
2398,14
2399,6
2400,3
2401,9
2402,1
2403,4
2404,4
2405,5
2406,4
2407,13
2408,7
2409,17
2410,12
2411,18
2412,13
2413,21
2414,4
2415,2
2416,6
2417,22
2418,20
2419,7
2420,28
2421,17
2422,4
2423,9
2424,9
2425,12
2426,17
2427,9
2428,17
2429,14
2430,6
2431,10
2432,30
2433,6
2434,6
2435,22
2436,2
2437,11
2438,4
2439,6
2440,14
2441,3
2442,9
2443,9
2444,3
2445,5
2446,4
2447,2
2448,24
2449,13
2450,3
2451,17
2452,36
2453,12
2454,4
2455,10
2456,30
2457,27
2458,14
2459,16
2460,36
2461,7
2462,4
2463,24
2464,16
2465,15
2466,11
2467,8
2468,4
2469,29
2470,18
2471,2
2472,19
2473,4
2474,29
2475,5
2476,12
2477,11
2478,18
2479,1
2480,7
2481,16
2482,3
2483,10
2484,13
2485,1
2486,20
2487,1
2488,7
2489,9
2490,11
2491,14
2492,11
2493,6
2494,9
2495,14
2496,9
2497,11
2498,10
2499,5
2500,23
2501,16
2502,7
2503,2
2504,3
2505,8
2506,1
2507,6
2508,7
2509,5
2510,10
2511,7
2512,8
2513,2
2514,8
2515,24
2516,4
2517,14
2518,4
2519,2
2520,7
2521,25
2522,4
2523,11
2524,11
2525,5
2526,17
2527,17
2528,12
2529,8
2530,3
2531,1
2532,4
2533,3
2534,25
2535,9
2536,4
2537,6
2538,3
2539,10
2540,7
2541,4
2542,1
2543,6
2544,1
2545,22
2546,2
2547,18
2548,11
2549,6
2550,3
2551,13
2552,10
2553,2
2554,17
2555,5
2556,4
2557,5
2558,12
2559,7
2560,1
2561,12
2562,3
2563,10
2564,14
2565,7
2566,6
2567,2
2568,15
2569,14
2570,6
2571,24
2572,13
2573,5
2574,7
2575,11
2576,3
2577,1
2578,1
2579,2
2580,2
2581,5
2582,12
2583,11
2584,2
2585,2
2586,10
2587,19
2588,3
2589,1
2590,13
2591,2
2592,8
2593,12
2594,13
2595,3
2596,11
2597,13
2598,4
2599,3
2600,1
2601,6
2602,10
2603,7
2604,11
2605,5
2606,1
2607,3
2608,6
2609,9
2610,10
2611,8
2612,5
2613,6
2614,3
2615,12
2616,2
2617,4
2618,9
2619,2
2620,11
2621,4
2622,9
2623,11
2624,2
2625,13
2626,5
2627,19
2628,1
2629,11
2630,3
2631,4
2632,1
2633,6
2634,6
2635,2
2636,5
2637,9
2638,7
2639,5
2640,7
2641,8
2642,3
2643,2
2644,3
2645,17
2646,1
2647,11
2648,15
2649,3
2650,1
2651,5
2652,6
2653,7
2654,21
2655,1
2656,5
2657,3
2658,8
2659,14
2660,12
2661,5
2662,12
2663,14
2664,6
2665,16
2666,17
2667,1
2668,15
2669,10
2670,9
2671,17
2672,17
2673,10
2674,13
2675,2
2676,15
2677,1
2678,11
2679,12
2680,10
2681,21
2682,4
2683,27
2684,6
2685,22
2686,12
2687,1
2688,7
2689,1
2690,16
2691,16
2692,3
2693,2
2694,1
2695,9
2696,16
2697,18
2698,14
2699,5
2700,4
2701,19
2702,3
2703,5
2704,8
2705,6
2706,10
2707,3
2708,9
2709,12
2710,2
2711,2
2712,6
2713,6
2714,5
2715,1
2716,5
2717,7
2718,7
2719,12
2720,21
2721,17
2722,6
2723,5
2724,12
2725,8
2726,30
2727,21
2728,4
2729,6
2730,8
2731,2
2732,1
2733,11
2734,32
2735,15
2736,21
2737,5
2738,5
2739,20
2740,4
2741,10
2742,23
2743,7
2744,6
2745,4
2746,4
2747,10
2748,2
2749,5
2750,3
2751,11
2752,7
2753,12
2754,3
2755,23
2756,3
2757,5
2758,35
2759,1
2760,5
2761,2
2762,13
2763,2
2764,21
2765,4
2766,8
2767,7
2768,16
2769,1
2770,7
2771,5
2772,11
2773,12
2774,9
2775,9
2776,16
2777,33
2778,18
2779,16
2780,17
2781,7
2782,14
2783,20
2784,2
2785,6
2786,16
2787,21
2788,6
2789,5
2790,4
2791,9
2792,7
2793,20
2794,1
2795,23
2796,20
2797,4
2798,7
2799,7
2800,9
2801,21
2802,1
2803,9
2804,6
2805,6
2806,5
2807,1
2808,4
2809,5
2810,24
2811,20
2812,4
2813,1
2814,8
2815,3
2816,9
2817,8
2818,9
2819,1
2820,19
2821,10
2822,7
2823,4
2824,16
2825,3
2826,3
2827,9
2828,3
2829,5
2830,15
2831,20
2832,6
2833,5
2834,3
2835,4
2836,8
2837,2
2838,12
2839,14
2840,11
2841,9
2842,6
2843,4
2844,4
2845,8
2846,8
2847,18
2848,14
2849,4
2850,21
2851,4
2852,3
2853,6
2854,6
2855,6
2856,6
2857,2
2858,7
2859,7
2860,12
2861,10
2862,3
2863,7
2864,3
2865,11
2866,7
2867,19
2868,5
2869,1
2870,2
2871,3
2872,6
2873,4
2874,8
2875,7
2876,12
2877,6
2878,1
2879,21
2880,13
2881,1
2882,4
2883,16
2884,4
2885,15
2886,22
2887,3
2888,11
2889,3
2890,7
2891,17
2892,10
2893,1
2894,5
2895,9
2896,20
2897,1
2898,8
2899,17
2900,4
2901,7
2902,12
2903,4
2904,8
2905,21
2906,5
2907,6
2908,3
2909,12
2910,8
2911,14
2912,5
2913,3
2914,1
2915,2
2916,14
2917,4
2918,2
2919,2
2920,4
2921,9
2922,8
2923,10
2924,1
2925,5
2926,4
2927,15
2928,5
2929,10
2930,8
2931,3
2932,9
2933,3
2934,12
2935,19
2936,6
2937,4
2938,16
2939,2
2940,14
2941,3
2942,10
2943,16
2944,16
2945,10
2946,23
2947,17
2948,9
2949,4
2950,4
2951,5
2952,20
2953,11
2954,1
2955,4
2956,4
2957,10
2958,18
2959,13
2960,10
2961,23
2962,6
2963,11
2964,12
2965,15
2966,5
2967,9
2968,7
2969,9
2970,2
2971,4
2972,1
2973,2
2974,1
2975,3
2976,5
2977,6
2978,4
2979,1
2980,8
2981,5
2982,8
2983,7
2984,9
2985,2
2986,4
2987,1
2988,4
2989,6
2990,6
2991,10
2992,5
2993,5
2994,8
2995,1
2996,6
2997,1
2998,6
2999,9
3000,6
3001,6
3002,10
3003,13
3004,2
3005,12
3006,15
3007,2
3008,8
3009,1
3010,9
3011,6
3012,14
3013,10
3014,5
3015,22
3016,21
3017,5
3018,19
3019,17
3020,8
3021,14
3022,10
3023,16
3024,16
3025,11
3026,24
3027,17
3028,14
3029,12
3030,15
3031,8
3032,29
3033,10
3034,7
3035,18
3036,12
3037,13
3038,9
3039,6
3040,16
3041,3
3042,20
3043,14
3044,3
3045,4
3046,23
3047,13
3048,13
3049,8
3050,11
3051,35
3052,10
3053,7
3054,17
3055,17
3056,5
3057,14
3058,5
3059,11
3060,13
3061,16
3062,19
3063,26
3064,9
3065,24
3066,20
3067,8
3068,12
3069,6
3070,6
3071,21
3072,4
3073,9
3074,7
3075,15
3076,4
3077,23
3078,3
3079,14
3080,17
3081,1
3082,1
3083,22
3084,9
3085,17
3086,11
3087,29
3088,8
3089,5
3090,23
3091,2
3092,21
3093,9
3094,22
3095,11
3096,7
3097,8
3098,3
3099,40
3100,10
3101,13
3102,3
3103,21
3104,15
3105,6
3106,1
3107,2
3108,13
3109,6
3110,9
3111,6
3112,20
3113,20
3114,3
3115,1
3116,8
3117,5
3118,7
3119,13
3120,8
3121,9
3122,23
3123,19
3124,24
3125,2
3126,18
3127,15
3128,14
3129,7
3130,18
3131,12
3132,9
3133,2
3134,14
3135,4
3136,5
3137,28
3138,12
3139,21
3140,18
3141,10
3142,7
3143,2
3144,27
3145,5
3146,7
3147,9
3148,17
3149,21
3150,8
3151,5
3152,15
3153,9
3154,8
3155,15
3156,15
3157,7
3158,9
3159,11
3160,18
3161,10
3162,8
3163,34
3164,15
3165,12
3166,15
3167,7
3168,3
3169,18
3170,22
3171,10
3172,7
3173,12
3174,10
3175,18
3176,35
3177,7
3178,35
3179,2
3180,1
3181,19
3182,14
3183,6
3184,18
3185,4
3186,11
3187,6
3188,6
3189,17
3190,30
3191,24
3192,28
3193,17
3194,7
3195,15
3196,14
3197,4
3198,11
3199,10
3200,8
3201,28
3202,23
3203,3
3204,23
3205,14
3206,6
3207,15
3208,11
3209,33
3210,9
3211,14
3212,10
3213,5
3214,18
3215,21
3216,3
3217,1
3218,18
3219,15
3220,8
3221,13
3222,19
3223,2
3224,21
3225,7
3226,28
3227,11
3228,9
3229,33
3230,20
3231,22
3232,34
3233,17
3234,27
3235,7
3236,4
3237,14
3238,4
3239,8
3240,25
3241,16
3242,5
3243,23
3244,34
3245,46
3246,8
3247,31
3248,4
3249,17
3250,22
3251,8
3252,5
3253,34
3254,7
3255,1
3256,17
3257,23
3258,8
3259,15
3260,7
3261,23
3262,3
3263,20
3264,7
3265,20
3266,12
3267,2
3268,15
3269,4
3270,21
3271,18
3272,11
3273,31
3274,22
3275,13
3276,3
3277,9
3278,7
3279,5
3280,12
3281,10
3282,13
3283,31
3284,18
3285,20
3286,10
3287,11
3288,10
3289,19
3290,29
3291,17
3292,17
3293,1
3294,11
3295,6
3296,14
3297,15
3298,6
3299,6
3300,10
3301,3
3302,3
3303,8
3304,21
3305,1
3306,7
3307,18
3308,10
3309,3
3310,7
3311,11
3312,10
3313,20
3314,20
3315,6
3316,6
3317,30
3318,4
3319,21
3320,1
3321,20
3322,23
3323,19
3324,13
3325,9
3326,5
3327,3
3328,9
3329,10
3330,3
3331,5
3332,6
3333,5
3334,13
3335,17
3336,6
3337,12
3338,13
3339,12
3340,30
3341,9
3342,13
3343,50
3344,15
3345,25
3346,4
3347,7
3348,10
3349,12
3350,8
3351,11
3352,22
3353,8
3354,3
3355,8
3356,19
3357,7
3358,12
3359,29
3360,8
3361,1
3362,4
3363,12
3364,16
3365,6
3366,17
3367,7
3368,37
3369,23
3370,14
3371,7
3372,11
3373,20
3374,16
3375,16
3376,13
3377,19
3378,3
3379,1
3380,5
3381,21
3382,1
3383,4
3384,10
3385,15
3386,13
3387,19
3388,13
3389,21
3390,6
3391,16
3392,4
3393,10
3394,14
3395,14
3396,3
3397,11
3398,2
3399,11
3400,23
3401,13
3402,9
3403,5
3404,19
3405,3
3406,16
3407,23
3408,11
3409,17
3410,12
3411,19
3412,2
3413,15
3414,1
3415,5
3416,2
3417,5
3418,22
3419,19
3420,3
3421,15
3422,24
3423,1
3424,6
3425,16
3426,17
3427,1
3428,1
3429,13
3430,24
3431,9
3432,8
3433,13
3434,2
3435,28
3436,8
3437,12
3438,9
3439,20
3440,15
3441,9
3442,36
3443,5
3444,4
3445,21
3446,9
3447,24
3448,16
3449,27
3450,27
3451,14
3452,6
3453,22
3454,7
3455,13
3456,21
3457,13
3458,17
3459,25
3460,22
3461,27
3462,23
3463,27
3464,20
3465,17
3466,4
3467,4
3468,1
3469,3
3470,2
3471,6
3472,1
3473,12
3474,12
3475,12
3476,11
3477,3
3478,7
3479,11
3480,14
3481,3
3482,6
3483,14
3484,15
3485,9
3486,7
3487,9
3488,5
3489,13
3490,10
3491,7
3492,1
3493,20
3494,7
3495,17
3496,6
3497,12
3498,1
3499,9
3500,8
3501,5
3502,17
3503,15
3504,10
3505,8
3506,4
3507,14
3508,11
3509,12
3510,21
3511,17
3512,8
3513,7
3514,11
3515,21
3516,16
3517,6
3518,10
3519,21
3520,14
3521,14
3522,5
3523,14
3524,6
3525,5
3526,3
3527,6
3528,5
3529,4
3530,2
3531,3
3532,13
3533,18
3534,1
3535,16
3536,8
3537,17
3538,13
3539,2
3540,9
3541,10
3542,12
3543,8
3544,20
3545,10
3546,13
3547,7
3548,13
3549,15
3550,6
3551,9
3552,19
3553,14
3554,11
3555,15
3556,18
3557,9
3558,8
3559,11
3560,11
3561,17
3562,3
3563,5
3564,11
3565,13
3566,22
3567,3
3568,5
3569,1
3570,2
3571,4
3572,21
3573,1
3574,2
3575,18
3576,5
3577,2
3578,27
3579,2
3580,5
3581,9
3582,2
3583,19
3584,10
3585,2
3586,10
3587,15
3588,6
3589,2
3590,3
3591,13
3592,1
3593,13
3594,28
3595,8
3596,25
3597,6
3598,18
3599,8
3600,9
3601,5
3602,7
3603,2
3604,5
3605,5
3606,4
3607,11
3608,10
3609,13
3610,13
3611,1
3612,4
3613,8
3614,5
3615,12
3616,8
3617,1
3618,18
3619,13
3620,7
3621,12
3622,2
3623,15
3624,12
3625,12
3626,15
3627,1
3628,7
3629,12
3630,5
3631,4
3632,1
3633,2
3634,12
3635,9
3636,12
3637,3
3638,8
3639,16
3640,8
3641,2
3642,21
3643,8
3644,3
3645,10
3646,4
3647,10
3648,12
3649,10
3650,2
3651,4
3652,4
3653,8
3654,4
3655,15
3656,9
3657,3
3658,13
3659,3
3660,13
3661,10
3662,5
3663,2
3664,12
3665,22
3666,14
3667,11
3668,8
3669,12
3670,12
3671,4
3672,3
3673,11
3674,7
3675,4
3676,1
3677,5
3678,9
3679,18
3680,2
3681,5
3682,1
3683,2
3684,2
3685,21
3686,19
3687,21
3688,4
3689,6
3690,16
3691,14
3692,4
3693,21
3694,7
3695,4
3696,7
3697,14
3698,10
3699,18
3700,7
3701,14
3702,9
3703,7
3704,1
3705,5
3706,7
3707,13
3708,11
3709,6
3710,2
3711,9
3712,5
3713,15
3714,3
3715,5
3716,9
3717,18
3718,9
3719,1
3720,2
3721,4
3722,17
3723,3
3724,11
3725,20
3726,16
3727,23
3728,11
3729,13
3730,4
3731,6
3732,17
3733,2
3734,9
3735,17
3736,5
3737,6
3738,6
3739,2
3740,25
3741,3
3742,7
3743,2
3744,4
3745,21
3746,1
3747,4
3748,7
3749,2
3750,5
3751,4
3752,13
3753,10
3754,5
3755,8
3756,2
3757,3
3758,20
3759,5
3760,10
3761,10
3762,3
3763,3
3764,3
3765,5
3766,13
3767,26
3768,17
3769,11
3770,10
3771,12
3772,2
3773,9
3774,4
3775,19
3776,18
3777,13
3778,2
3779,11
3780,21
3781,12
3782,18
3783,6
3784,11
3785,1
3786,15
3787,7
3788,13
3789,4
3790,15
3791,5
3792,7
3793,7
3794,8
3795,23
3796,5
3797,7
3798,6
3799,15
3800,14
3801,23
3802,7
3803,12
3804,1
3805,17
3806,3
3807,1
3808,14
3809,29
3810,14
3811,5
3812,15
3813,4
3814,27
3815,4
3816,10
3817,22
3818,2
3819,6
3820,4
3821,3
3822,4
3823,11
3824,2
3825,1
3826,14
3827,12
3828,9
3829,6
3830,8
3831,1
3832,1
3833,3
3834,4
3835,15
3836,19
3837,6
3838,27
3839,14
3840,26
3841,2
3842,12
3843,6
3844,12
3845,3
3846,7
3847,4
3848,4
3849,4
3850,8
3851,1
3852,1
3853,2
3854,27
3855,6
3856,5
3857,10
3858,12
3859,9
3860,8
3861,7
3862,2
3863,8
3864,1
3865,8
3866,1
3867,17
3868,14
3869,20
3870,6
3871,1
3872,7
3873,9
3874,2
3875,13
3876,4
3877,5
3878,26
3879,1
3880,8
3881,16
3882,10
3883,8
3884,3
3885,1
3886,10
3887,10
3888,8
3889,4
3890,7
3891,8
3892,5
3893,5
3894,11
3895,15
3896,3
3897,10
3898,15
3899,12
3900,8
3901,1
3902,3
3903,14
3904,13
3905,10
3906,6
3907,5
3908,3
3909,1
3910,5
3911,5
3912,4
3913,13
3914,11
3915,3
3916,9
3917,17
3918,2
3919,10
3920,12
3921,2
3922,8
3923,10
3924,13
3925,2
3926,13
3927,10
3928,8
3929,2
3930,22
3931,10
3932,6
3933,22
3934,23
3935,11
3936,14
3937,18
3938,12
3939,1
3940,8
3941,3
3942,6
3943,11
3944,19
3945,5
3946,6
3947,8
3948,10
3949,25
3950,9
3951,14
3952,10
3953,12
3954,24
3955,17
3956,23
3957,19
3958,3
3959,21
3960,4
3961,2
3962,22
3963,4
3964,1
3965,2
3966,1
3967,5
3968,7
3969,10
3970,4
3971,27
3972,1
3973,6
3974,3
3975,10
3976,3
3977,1
3978,6
3979,1
3980,7
3981,7
3982,8
3983,1
3984,2
3985,10
3986,1
3987,8
3988,5
3989,6
3990,2
3991,4
3992,10
3993,3
3994,8
3995,5
3996,11
3997,1
3998,3
3999,2
4000,1
4001,5
4002,11
4003,14
4004,3
4005,3
4006,9
4007,1
4008,3
4009,9
4010,2
4011,1
4012,11
4013,23
4014,11
4015,10
4016,10
4017,8
4018,1
4019,23
4020,4
4021,9
4022,14
4023,6
4024,3
4025,2
4026,2
4027,14
4028,10
4029,11
4030,14
4031,11
4032,14
4033,21
4034,3
4035,8
4036,6
4037,2
4038,13
4039,5
4040,2
4041,6
4042,5
4043,7
4044,9
4045,11
4046,3
4047,8
4048,6
4049,18
4050,5
4051,3
4052,5
4053,8
4054,2
4055,3
4056,12
4057,6
4058,8
4059,3
4060,22
4061,15
4062,3
4063,4
4064,8
4065,3
4066,3
4067,23
4068,2
4069,14
4070,10
4071,1
4072,10
4073,1
4074,9
4075,4
4076,12
4077,8
4078,2
4079,4
4080,6
4081,4
4082,6
4083,2
4084,2
4085,11
4086,9
4087,3
4088,2
4089,3
4090,4
4091,4
4092,6
4093,8
4094,13
4095,8
4096,5
4097,2
4098,10
4099,4
4100,13
4101,2
4102,12
4103,12
4104,2
4105,13
4106,4
4107,1
4108,3
4109,10
4110,3
4111,1
4112,4
4113,2
4114,7
4115,3
4116,6
4117,9
4118,9
4119,2
4120,2
4121,18
4122,6
4123,8
4124,15
4125,5
4126,6
4127,3
4128,4
4129,5
4130,2
4131,9
4132,7
4133,17
4134,15
4135,4
4136,4
4137,5
4138,1
4139,3
4140,5
4141,1
4142,9
4143,5
4144,7
4145,1
4146,5
4147,3
4148,5
4149,1
4150,9
4151,3
4152,16
4153,8
4154,6
4155,6
4156,8
4157,9
4158,2
4159,7
4160,8
4161,11
4162,3
4163,4
4164,6
4165,7
4166,14
4167,7
4168,3
4169,7
4170,8
4171,5
4172,15
4173,1
4174,4
4175,8
4176,8
4177,4
4178,3
4179,7
4180,4
4181,5
4182,18
4183,12
4184,1
4185,5
4186,2
4187,2
4188,18
4189,9
4190,1
4191,5
4192,9
4193,6
4194,10
4195,7
4196,3
4197,9
4198,7
4199,17
4200,5
4201,2
4202,9
4203,10
4204,14
4205,1
4206,9
4207,10
4208,6
4209,14
4210,8
4211,2
4212,8
4213,2
4214,5
4215,2
4216,1
4217,5
4218,7
4219,8
4220,11
4221,12
4222,9
4223,4
4224,9
4225,9
4226,14
4227,9
4228,4
4229,12
4230,2
4231,13
4232,11
4233,5
4234,7
4235,8
4236,1
4237,7
4238,3
4239,15
4240,17
4241,5
4242,4
4243,1
4244,5
4245,3
4246,7
4247,5
4248,1
4249,4
4250,3
4251,9
4252,2
4253,7
4254,4
4255,13
4256,10
4257,7
4258,2
4259,6
4260,4
4261,3
4262,8
4263,22
4264,8
4265,9
4266,5
4267,8
4268,8
4269,10
4270,4
4271,15
4272,21
4273,1
4274,25
4275,11
4276,1
4277,14
4278,5
4279,4
4280,17
4281,8
4282,5
4283,7
4284,4
4285,3
4286,16
4287,4
4288,5
4289,2
4290,1
4291,2
4292,8
4293,1
4294,8
4295,6
4296,28
4297,1
4298,2
4299,4
4300,6
4301,1
4302,6
4303,4
4304,10
4305,14
4306,7
4307,12
4308,4
4309,6
4310,9
4311,2
4312,3
4313,13
4314,7
4315,1
4316,2
4317,2
4318,10
4319,3
4320,1
4321,7
4322,5
4323,11
4324,5
4325,7
4326,11
4327,5
4328,19
4329,3
4330,4
4331,3
4332,11
4333,5
4334,5
4335,1
4336,6
4337,3
4338,9
4339,5
4340,7
4341,12
4342,11
4343,5
4344,3
4345,8
4346,16
4347,6
4348,8
4349,3
4350,1
4351,7
4352,10
4353,11
4354,6
4355,5
4356,13
4357,2
4358,12
4359,12
4360,2
4361,12
4362,7
4363,13
4364,15
4365,1
4366,9
4367,12
4368,11
4369,8
4370,3
4371,18
4372,2
4373,11
4374,12
4375,12
4376,20
4377,4
4378,4
4379,13
4380,3
4381,11
4382,3
4383,8
4384,20
4385,6
4386,2
4387,2
4388,3
4389,14
4390,4
4391,5
4392,4
4393,15
4394,5
4395,4
4396,6
4397,4
4398,2
4399,14
4400,1
4401,1
4402,9
4403,13
4404,1
4405,6
4406,3
4407,2
4408,4
4409,6
4410,1
4411,6
4412,2
4413,12
4414,7
4415,8
4416,5
4417,7
4418,4
4419,1
4420,1
4421,7
4422,20
4423,6
4424,3
4425,7
4426,5
4427,8
4428,3
4429,3
4430,5
4431,12
4432,2
4433,3
4434,7
4435,5
4436,7
4437,2
4438,8
4439,2
4440,8
4441,17
4442,5
4443,2
4444,6
4445,4
4446,8
4447,4
4448,12
4449,15
4450,11
4451,11
4452,3
4453,1
4454,14
4455,12
4456,7
4457,2
4458,1
4459,4
4460,2
4461,2
4462,5
4463,3
4464,4
4465,6
4466,2
4467,3
4468,2
4469,2
4470,2
4471,1
4472,5
4473,1
4474,1
4475,2
4476,1
4477,8
4478,2
4479,2
4480,2
4481,12
4482,5
4483,4
4484,3
4485,1
4486,12
4487,9
4488,3
4489,2
4490,10
4491,13
4492,13
4493,3
4494,1
4495,5
4496,2
4497,4
4498,3
4499,11
4500,1
4501,4
4502,9
4503,1
4504,2
4505,3
4506,14
4507,7
4508,3
4509,2
4510,2
4511,3
4512,3
4513,7
4514,11
4515,5
4516,2
4517,8
4518,6
4519,4
4520,1
4521,1
4522,4
4523,4
4524,15
4525,6
4526,5
4527,4
4528,6
4529,4
4530,5
4531,5
4532,5
4533,8
4534,6
4535,3
4536,4
4537,6
4538,3
4539,2
4540,1
4541,3
4542,1
4543,1
4544,3
4545,12
4546,1
4547,1
4548,10
4549,12
4550,2
4551,7
4552,4
4553,6
4554,3
4555,3
4556,9
4557,5
4558,4
4559,2
4560,6
4561,1
4562,19
4563,5
4564,4
4565,1
4566,6
4567,15
4568,8
4569,8
4570,11
4571,10
4572,2
4573,4
4574,2
4575,8
4576,13
4577,21
4578,3
4579,6
4580,4
4581,4
4582,5
4583,3
4584,3
4585,4
4586,5
4587,6
4588,11
4589,2
4590,7
4591,2
4592,9
4593,6
4594,4
4595,7
4596,2
4597,18
4598,14
4599,2
4600,5
4601,2
4602,6
4603,5
4604,5
4605,18
4606,10
4607,1
4608,1
4609,21
4610,7
4611,9
4612,5
4613,8
4614,5
4615,4
4616,19
4617,1
4618,4
4619,5
4620,17
4621,5
4622,19
4623,8
4624,8
4625,5
4626,16
4627,2
4628,4
4629,7
4630,9
4631,7
4632,3
4633,1
4634,3
4635,10
4636,12
4637,9
4638,12
4639,15
4640,11
4641,7
4642,2
4643,9
4644,6
4645,16
4646,3
4647,5
4648,1
4649,9
4650,13
4651,1
4652,15
4653,1
4654,7
4655,8
4656,19
4657,2
4658,5
4659,13
4660,3
4661,2
4662,6
4663,12
4664,9
4665,7
4666,6
4667,9
4668,10
4669,7
4670,7
4671,6
4672,1
4673,1
4674,7
4675,3
4676,11
4677,8
4678,15
4679,2
4680,2
4681,16
4682,5
4683,14
4684,9
4685,7
4686,8
4687,18
4688,8
4689,14
4690,14
4691,13
4692,9
4693,15
4694,3
4695,8
4696,1
4697,3
4698,15
4699,18
4700,14
4701,25
4702,14
4703,2
4704,15
4705,9
4706,4
4707,9
4708,6
4709,1
4710,5
4711,4
4712,1
4713,7
4714,5
4715,12
4716,1
4717,22
4718,8
4719,7
4720,14
4721,5
4722,8
4723,1
4724,8
4725,20
4726,6
4727,5
4728,8
4729,1
4730,4
4731,20
4732,3
4733,10
4734,7
4735,8
4736,5
4737,1
4738,16
4739,1
4740,10
4741,1
4742,13
4743,1
4744,10
4745,8
4746,3
4747,12
4748,25
4749,3
4750,13
4751,2
4752,14
4753,8
4754,7
4755,3
4756,1
4757,14
4758,13
4759,7
4760,1
4761,4
4762,5
4763,3
4764,7
4765,5
4766,8
4767,6
4768,2
4769,15
4770,2
4771,3
4772,7
4773,10
4774,1
4775,2
4776,1
4777,3
4778,7
4779,13
4780,10
4781,23
4782,13
4783,4
4784,13
4785,22
4786,1
4787,2
4788,4
4789,5
4790,4
4791,11
4792,2
4793,7
4794,15
4795,19
4796,13
4797,4
4798,5
4799,17
4800,14
4801,7
4802,6
4803,3
4804,1
4805,6
4806,27
4807,27
4808,4
4809,13
4810,7
4811,28
4812,2
4813,7
4814,12
4815,23
4816,9
4817,11
4818,14
4819,6
4820,2
4821,5
4822,5
4823,6
4824,2
4825,3
4826,14
4827,1
4828,11
4829,9
4830,11
4831,5
4832,12
4833,1
4834,2
4835,7
4836,12
4837,10
4838,8
4839,2
4840,14
4841,22
4842,9
4843,5
4844,1
4845,8
4846,7
4847,1
4848,12
4849,14
4850,6
4851,8
4852,12
4853,9
4854,6
4855,2
4856,11
4857,18
4858,9
4859,10
4860,7
4861,3
4862,6
4863,6
4864,8
4865,3
4866,1
4867,3
4868,14
4869,8
4870,6
4871,11
4872,3
4873,8
4874,19
4875,16
4876,2
4877,6
4878,5
4879,10
4880,2
4881,1
4882,18
4883,10
4884,1
4885,6
4886,1
4887,6
4888,9
4889,2
4890,3
4891,8
4892,12
4893,2
4894,6
4895,22
4896,4
4897,14
4898,19
4899,1
4900,6
4901,1
4902,6
4903,12
4904,5
4905,5
4906,7
4907,1
4908,5
4909,8
4910,19
4911,20
4912,8
4913,2
4914,7
4915,8
4916,18
4917,12
4918,13
4919,5
4920,10
4921,9
4922,7
4923,5
4924,1
4925,6
4926,6
4927,3
4928,7
4929,8
4930,3
4931,3
4932,10
4933,8
4934,10
4935,18
4936,15
4937,7
4938,16
4939,5
4940,11
4941,5
4942,17
4943,16
4944,14
4945,10
4946,11
4947,4
4948,14
4949,27
4950,8
4951,15
4952,13
4953,4
4954,8
4955,3
4956,16
4957,3
4958,12
4959,5
4960,6
4961,25
4962,12
4963,1
4964,14
4965,17
4966,4
4967,11
4968,4
4969,4
4970,9
4971,5
4972,2
4973,5
4974,5
4975,6
4976,7
4977,4
4978,16
4979,2
4980,21
4981,12
4982,6
4983,1
4984,3
4985,3
4986,2
4987,14
4988,2
4989,2
4990,11
4991,1
4992,8
4993,2
4994,6
4995,17
4996,5
4997,1
4998,15
4999,15
5000,19
5001,6
5002,4
5003,3
5004,15
5005,1
5006,6
5007,25
5008,18
5009,3
5010,3
5011,1
5012,19
5013,1
5014,35
5015,11
5016,1
5017,9
5018,7
5019,7
5020,3
5021,3
5022,7
5023,18
5024,1
5025,4
5026,1
5027,6
5028,8
5029,21
5030,5
5031,9
5032,1
5033,6
5034,21
5035,3
5036,8
5037,14
5038,15
5039,15
5040,7
5041,8
5042,10
5043,11
5044,2
5045,10
5046,13
5047,4
5048,17
5049,4
5050,20
5051,3
5052,3
5053,2
5054,18
5055,4
5056,2
5057,11
5058,2
5059,7
5060,17
5061,3
5062,20
5063,24
5064,4
5065,19
5066,9
5067,21
5068,12
5069,1
5070,13
5071,4
5072,10
5073,9
5074,2
5075,2
5076,14
5077,7
5078,23
5079,22
5080,5
5081,19
5082,2
5083,18
5084,3
5085,3
5086,3
5087,2
5088,3
5089,4
5090,15
5091,1
5092,9
5093,5
5094,6
5095,8
5096,15
5097,4
5098,14
5099,12
5100,1
5101,2
5102,7
5103,3
5104,5
5105,6
5106,2
5107,10
5108,4
5109,10
5110,20
5111,16
5112,5
5113,1
5114,3
5115,1
5116,13
5117,4
5118,7
5119,8
5120,9
5121,9
5122,3
5123,7
5124,6
5125,5
5126,4
5127,2
5128,7
5129,6
5130,7
5131,5
5132,3
5133,10
5134,2
5135,7
5136,12
5137,5
5138,7
5139,10
5140,3
5141,4
5142,6
5143,4
5144,7
5145,2
5146,15
5147,2
5148,7
5149,2
5150,7
5151,11
5152,17
5153,1
5154,11
5155,10
5156,14
5157,4
5158,4
5159,9
5160,4
5161,3
5162,9
5163,6
5164,5
5165,5
5166,27
5167,9
5168,10
5169,14
5170,5
5171,12
5172,8
5173,12
5174,4
5175,19
5176,4
5177,6
5178,17
5179,8
5180,10
5181,1
5182,6
5183,2
5184,16
5185,7
5186,4
5187,2
5188,7
5189,7
5190,5
5191,6
5192,10
5193,5
5194,3
5195,9
5196,2
5197,19
5198,8
5199,6
5200,1
5201,9
5202,6
5203,3
5204,2
5205,3
5206,6
5207,9
5208,1
5209,9
5210,22
5211,7
5212,3
5213,23
5214,1
5215,1
5216,5
5217,6
5218,3
5219,8
5220,10
5221,8
5222,2
5223,4
5224,1
5225,14
5226,5
5227,18
5228,13
5229,5
5230,3
5231,4
5232,2
5233,10
5234,10
5235,3
5236,15
5237,10
5238,9
5239,4
5240,5
5241,7
5242,5
5243,14
5244,5
5245,5
5246,3
5247,18
5248,16
5249,2
5250,5
5251,1
5252,12
5253,2
5254,12
5255,4
5256,6
5257,16
5258,13
5259,5
5260,11
5261,3
5262,4
5263,13
5264,21
5265,8
5266,19
5267,6
5268,12
5269,3
5270,5
5271,4
5272,18
5273,15
5274,10
5275,13
5276,21
5277,11
5278,1
5279,20
5280,3
5281,7
5282,4
5283,3
5284,2
5285,3
5286,15
5287,6
5288,5
5289,9
5290,13
5291,7
5292,11
5293,5
5294,10
5295,9
5296,3
5297,12
5298,18
5299,10
5300,7
5301,8
5302,5
5303,5
5304,2
5305,8
5306,9
5307,17
5308,4
5309,12
5310,18
5311,5
5312,15
5313,13
5314,6
5315,10
5316,8
5317,3
5318,12
5319,7
5320,9
5321,16
5322,9
5323,10
5324,7
5325,7
5326,10
5327,5
5328,18
5329,14
5330,6
5331,8
5332,1
5333,8
5334,5
5335,9
5336,7
5337,13
5338,2
5339,9
5340,7
5341,2
5342,7
5343,15
5344,1
5345,1
5346,3
5347,18
5348,1
5349,22
5350,7
5351,14
5352,12
5353,9
5354,8
5355,17
5356,13
5357,24
5358,11
5359,9
5360,11
5361,3
5362,20
5363,24
5364,3
5365,13
5366,15
5367,12
5368,2
5369,7
5370,1
5371,10
5372,16
5373,5
5374,10
5375,5
5376,11
5377,6
5378,10
5379,12
5380,31
5381,11
5382,14
5383,10
5384,25
5385,1
5386,6
5387,6
5388,10
5389,12
5390,8
5391,19
5392,5
5393,7
5394,4
5395,4
5396,4
5397,9
5398,2
5399,7
5400,5
5401,10
5402,10
5403,4
5404,8
5405,6
5406,2
5407,1
5408,6
5409,6
5410,9
5411,8
5412,14
5413,2
5414,2
5415,15
5416,2
5417,10
5418,29
5419,3
5420,13
5421,8
5422,14
5423,8
5424,2
5425,19
5426,10
5427,19
5428,4
5429,3
5430,13
5431,7
5432,5
5433,3
5434,22
5435,14
5436,16
5437,1
5438,12
5439,5
5440,7
5441,11
5442,14
5443,2
5444,13
5445,4
5446,1
5447,1
5448,1
5449,3
5450,3
5451,1
5452,6
5453,8
5454,1
5455,1
5456,2
5457,2
5458,6
5459,7
5460,5
5461,10
5462,1
5463,13
5464,3
5465,6
5466,1
5467,9
5468,3
5469,1
5470,9
5471,21
5472,1
5473,18
5474,2
5475,11
5476,5
5477,18
5478,4
5479,1
5480,1
5481,7
5482,18
5483,6
5484,16
5485,19
5486,6
5487,10
5488,13
5489,8
5490,21
5491,14
5492,11
5493,8
5494,13
5495,4
5496,15
5497,1
5498,2
5499,30
5500,8
5501,16
5502,7
5503,13
5504,6
5505,10
5506,5
5507,20
5508,6
5509,7
5510,20
5511,8
5512,13
5513,3
5514,9
5515,10
5516,8
5517,2
5518,8
5519,3
5520,1
5521,14
5522,9
5523,3
5524,20
5525,15
5526,11
5527,1
5528,15
5529,15
5530,12
5531,12
5532,23
5533,15
5534,12
5535,21
5536,21
5537,8
5538,23
5539,6
5540,2
5541,15
5542,2
5543,5
5544,16
5545,23
5546,15
5547,4
5548,6
5549,21
5550,5
5551,4
5552,16
5553,6
5554,3
5555,15
5556,3
5557,15
5558,8
5559,5
5560,4
5561,8
5562,16
5563,13
5564,24
5565,8
5566,7
5567,19
5568,3
5569,20
5570,7
5571,2
5572,4
5573,17
5574,9
5575,5
5576,3
5577,1
5578,2
5579,4
5580,13
5581,7
5582,8
5583,11
5584,9
5585,10
5586,4
5587,14
5588,14
5589,2
5590,2
5591,2
5592,5
5593,13
5594,16
5595,16
5596,13
5597,4
5598,18
5599,12
5600,2
5601,15
5602,9
5603,12
5604,13
5605,6
5606,16
5607,11
5608,1
5609,7
5610,2
5611,3
5612,18
5613,4
5614,5
5615,14
5616,15
5617,3
5618,2
5619,23
5620,1
5621,1
5622,6
5623,18
5624,13
5625,12
5626,1
5627,18
5628,14
5629,4
5630,13
5631,6
5632,6
5633,5
5634,3
5635,3
5636,5
5637,2
5638,21
5639,15
5640,14
5641,1
5642,21
5643,8
5644,11
5645,12
5646,1
5647,3
5648,6
5649,11
5650,16
5651,19
5652,5
5653,9
5654,15
5655,18
5656,17
5657,12
5658,11
5659,14
5660,13
5661,4
5662,1
5663,5
5664,15
5665,9
5666,4
5667,24
5668,15
5669,3
5670,5
5671,7
5672,14
5673,14
5674,2
5675,2
5676,7
5677,9
5678,3
5679,8
5680,7
5681,4
5682,14
5683,9
5684,3
5685,15
5686,6
5687,1
5688,10
5689,4
5690,16
5691,1
5692,10
5693,4
5694,15
5695,12
5696,14
5697,21
5698,3
5699,13
5700,12
5701,20
5702,20
5703,3
5704,18
5705,5
5706,23
5707,16
5708,2
5709,27
5710,14
5711,10
5712,3
5713,4
5714,14
5715,17
5716,13
5717,5
5718,13
5719,23
5720,5
5721,19
5722,8
5723,7
5724,6
5725,1
5726,1
5727,11
5728,34
5729,3
5730,2
5731,9
5732,4
5733,7
5734,15
5735,9
5736,4
5737,11
5738,23
5739,6
5740,3
5741,2
5742,19
5743,7
5744,1
5745,12
5746,4
5747,9
5748,24
5749,13
5750,6
5751,2
5752,20
5753,14
5754,3
5755,12
5756,16
5757,12
5758,3
5759,14
5760,16
5761,1
5762,29
5763,6
5764,16
5765,13
5766,8
5767,3
5768,8
5769,17
5770,14
5771,6
5772,14
5773,6
5774,7
5775,7
5776,5
5777,8
5778,7
5779,6
5780,18
5781,15
5782,15
5783,5
5784,7
5785,12
5786,13
5787,10
5788,22
5789,16
5790,9
5791,7
5792,21
5793,1
5794,26
5795,7
5796,8
5797,15
5798,18
5799,6
5800,4
5801,8
5802,2
5803,13
5804,6
5805,6
5806,25
5807,11
5808,5
5809,20
5810,10
5811,14
5812,7
5813,15
5814,16
5815,10
5816,3
5817,6
5818,40
5819,9
5820,22
5821,6
5822,19
5823,1
5824,9
5825,10
5826,4
5827,5
5828,3
5829,6
5830,10
5831,2
5832,5
5833,7
5834,26
5835,3
5836,1
5837,7
5838,10
5839,26
5840,3
5841,12
5842,1
5843,2
5844,11
5845,3
5846,1
5847,8
5848,4
5849,13
5850,7
5851,6
5852,14
5853,9
5854,8
5855,14
5856,17
5857,2
5858,18
5859,11
5860,2
5861,13
5862,27
5863,6
5864,1
5865,6
5866,15
5867,7
5868,2
5869,9
5870,1
5871,4
5872,16
5873,6
5874,9
5875,11
5876,8
5877,2
5878,4
5879,15
5880,1
5881,3
5882,7
5883,5
5884,11
5885,18
5886,8
5887,8
5888,3
5889,6
5890,10
5891,12
5892,1
5893,8
5894,10
5895,2
5896,8
5897,8
5898,9
5899,8
5900,10
5901,7
5902,10
5903,7
5904,7
5905,20
5906,15
5907,19
5908,11
5909,5
5910,7
5911,6
5912,10
5913,23
5914,28
5915,5
5916,26
5917,33
5918,8
5919,3
5920,17
5921,16
5922,17
5923,14
5924,15
5925,26
5926,10
5927,5
5928,10
5929,14
5930,5
5931,2
5932,5
5933,6
5934,15
5935,27
5936,16
5937,6
5938,15
5939,24
5940,8
5941,4
5942,2
5943,1
5944,3
5945,2
5946,1
5947,2
5948,12
5949,5
5950,8
5951,2
5952,6
5953,3
5954,1
5955,1
5956,9
5957,4
5958,4
5959,11
5960,3
5961,4
5962,6
5963,5
5964,1
5965,3
5966,3
5967,10
5968,5
5969,5
5970,9
5971,9
5972,11
5973,6
5974,6
5975,1
5976,14
5977,7
5978,8
5979,7
5980,20
5981,6
5982,14
5983,7
5984,4
5985,14
5986,10
5987,8
5988,18
5989,11
5990,2
5991,5
5992,4
5993,6
5994,7
5995,1
5996,9
5997,17
5998,17
5999,11
6000,5
6001,1
6002,10
6003,5
6004,16
6005,7
6006,6
6007,4
6008,6
6009,4
6010,11
6011,8
6012,8
6013,16
6014,2
6015,11
6016,10
6017,8
6018,5
6019,15
6020,4
6021,19
6022,4
6023,10
6024,8
6025,11
6026,11
6027,6
6028,12
6029,5
6030,12
6031,17
6032,12
6033,3
6034,13
6035,1
6036,15
6037,7
6038,9
6039,11
6040,9
6041,17
6042,2
6043,1
6044,15
6045,10
6046,3
6047,2
6048,3
6049,3
6050,6
6051,3
6052,4
6053,18
6054,6
6055,8
6056,8
6057,14
6058,4
6059,17
6060,16
6061,12
6062,9
6063,2
6064,3
6065,7
6066,2
6067,3
6068,7
6069,4
6070,9
6071,17
6072,2
6073,16
6074,1
6075,7
6076,1
6077,4
6078,3
6079,4
6080,12
6081,1
6082,13
6083,3
6084,3
6085,10
6086,4
6087,1
6088,8
6089,14
6090,1
6091,8
6092,12
6093,7
6094,14
6095,8
6096,5
6097,5
6098,8
6099,6
6100,1
6101,12
6102,16
6103,1
6104,10
6105,13
6106,5
6107,6
6108,11
6109,7
6110,8
6111,3
6112,4
6113,3
6114,8
6115,7
6116,8
6117,13
6118,9
6119,1
6120,7
6121,2
6122,17
6123,2
6124,11
6125,3
6126,5
6127,10
6128,1
6129,2
6130,11
6131,10
6132,3
6133,18
6134,14
6135,13
6136,4
6137,9
6138,9
6139,5
6140,10
6141,11
6142,4
6143,6
6144,10
6145,13
6146,22
6147,3
6148,19
6149,16
6150,4
6151,4
6152,2
6153,8
6154,11
6155,9
6156,5
6157,4
6158,2
6159,10
6160,15
6161,16
6162,4
6163,5
6164,3
6165,5
6166,6
6167,5
6168,6
6169,11
6170,2
6171,8
6172,8
6173,4
6174,15
6175,6
6176,10
6177,9
6178,1
6179,8
6180,5
6181,7
6182,4
6183,6
6184,21
6185,22
6186,7
6187,12
6188,10
6189,11
6190,2
6191,19
6192,9
6193,8
6194,12
6195,3
6196,6
6197,3
6198,10
6199,4
6200,21
6201,6
6202,8
6203,6
6204,16
6205,1
6206,3
6207,8
6208,6
6209,11
6210,10
6211,13
6212,5
6213,14
6214,11
6215,15
6216,3
6217,2
6218,7
6219,2
6220,1
6221,5
6222,4
6223,21
6224,2
6225,2
6226,6
6227,14
6228,7
6229,8
6230,2
6231,10
6232,2
6233,9
6234,9
6235,2
6236,9
6237,8
6238,13
6239,5
6240,5
6241,15
6242,12
6243,15
6244,7
6245,14
6246,8
6247,22
6248,13
6249,2
6250,13
6251,1
6252,16
6253,2
6254,10
6255,23
6256,8
6257,3
6258,5
6259,5
6260,18
6261,15
6262,3
6263,3
6264,6
6265,5
6266,4
6267,8
6268,4
6269,9
6270,11
6271,4
6272,4
6273,2
6274,8
6275,11
6276,17
6277,10
6278,4
6279,3
6280,12
6281,3
6282,5
6283,7
6284,4
6285,1
6286,6
6287,17
6288,8
6289,4
6290,6
6291,4
6292,3
6293,3
6294,4
6295,8
6296,16
6297,2
6298,10
6299,5
6300,12
6301,8
6302,10
6303,14
6304,1
6305,4
6306,16
6307,6
6308,7
6309,11
6310,3
6311,12
6312,4
6313,6
6314,4
6315,20
6316,1
6317,9
6318,3
6319,13
6320,5
6321,8
6322,15
6323,8
6324,5
6325,11
6326,19
6327,3
6328,3
6329,13
6330,2
6331,4
6332,9
6333,3
6334,23
6335,7
6336,4
6337,5
6338,29
6339,9
6340,13
6341,8
6342,5
6343,1
6344,21
6345,7
6346,6
6347,1
6348,2
6349,6
6350,11
6351,11
6352,2
6353,24
6354,3
6355,1
6356,8
6357,17
6358,2
6359,17
6360,15
6361,11
6362,4
6363,2
6364,9
6365,4
6366,1
6367,2
6368,6
6369,8
6370,8
6371,7
6372,1
6373,6
6374,9
6375,5
6376,4
6377,16
6378,6
6379,15
6380,5
6381,3
6382,8
6383,1
6384,8
6385,2
6386,8
6387,5
6388,3
6389,9
6390,2
6391,11
6392,2
6393,2
6394,1
6395,2
6396,8
6397,4
6398,7
6399,6
6400,13
6401,8
6402,9
6403,10
6404,2
6405,13
6406,6
6407,11
6408,5
6409,17
6410,1
6411,11
6412,15
6413,1
6414,1
6415,11
6416,10
6417,16
6418,8
6419,9
6420,14
6421,6
6422,8
6423,7
6424,20
6425,10
6426,10
6427,10
6428,7
6429,7
6430,1
6431,18
6432,17
6433,20
6434,7
6435,7
6436,2
6437,1
6438,1
6439,10
6440,1
6441,10
6442,3
6443,1
6444,2
6445,5
6446,3
6447,6
6448,2
6449,2
6450,3
6451,2
6452,5
6453,10
6454,21
6455,2
6456,2
6457,1
6458,3
6459,2
6460,10
6461,6
6462,7
6463,17
6464,7
6465,11
6466,1
6467,11
6468,8
6469,3
6470,2
6471,7
6472,15
6473,21
6474,10
6475,21
6476,7
6477,14
6478,9
6479,3
6480,3
6481,10
6482,6
6483,19
6484,11
6485,13
6486,9
6487,5
6488,15
6489,14
6490,12
6491,13
6492,2
6493,3
6494,14
6495,1
6496,1
6497,1
6498,1
6499,12
6500,13
6501,10
6502,2
6503,12
6504,7
6505,9
6506,14
6507,6
6508,8
6509,5
6510,1
6511,17
6512,3
6513,5
6514,16
6515,18
6516,19
6517,7
6518,7
6519,18
6520,5
6521,15
6522,10
6523,3
6524,1
6525,9
6526,19
6527,19
6528,8
6529,10
6530,8
6531,21
6532,12
6533,3
6534,5
6535,12
6536,4
6537,2
6538,2
6539,8
6540,5
6541,3
6542,8
6543,2
6544,16
6545,4
6546,3
6547,7
6548,22
6549,7
6550,4
6551,8
6552,20
6553,14
6554,22
6555,14
6556,10
6557,13
6558,3
6559,6
6560,8
6561,16
6562,2
6563,6
6564,19
6565,8
6566,7
6567,4
6568,11
6569,5
6570,2
6571,7
6572,2
6573,1
6574,4
6575,9
6576,4
6577,14
6578,7
6579,4
6580,11
6581,2
6582,2
6583,8
6584,4
6585,4
6586,4
6587,10
6588,14
6589,12
6590,2
6591,6
6592,12
6593,4
6594,1
6595,5
6596,16
6597,5
6598,4
6599,12
6600,1
6601,6
6602,11
6603,17
6604,1
6605,14
6606,6
6607,7
6608,1
6609,12
6610,2
6611,6
6612,4
6613,6
6614,11
6615,11
6616,2
6617,16
6618,11
6619,3
6620,7
6621,1
6622,7
6623,9
6624,10
6625,17
6626,3
6627,9
6628,6
6629,11
6630,12
6631,12
6632,11
6633,3
6634,3
6635,1
6636,13
6637,9
6638,1
6639,2
6640,3
6641,2
6642,8
6643,8
6644,11
6645,9
6646,2
6647,2
6648,8
6649,24
6650,4
6651,18
6652,5
6653,6
6654,14
6655,10
6656,19
6657,16
6658,18
6659,7
6660,5
6661,13
6662,7
6663,14
6664,12
6665,1
6666,13
6667,4
6668,9
6669,13
6670,5
6671,13
6672,5
6673,1
6674,1
6675,3
6676,5
6677,1
6678,10
6679,4
6680,17
6681,2
6682,2
6683,4
6684,10
6685,14
6686,19
6687,20
6688,5
6689,7
6690,6
6691,11
6692,2
6693,9
6694,17
6695,26
6696,7
6697,19
6698,14
6699,17
6700,6
6701,1
6702,11
6703,1
6704,5
6705,17
6706,9
6707,4
6708,21
6709,5
6710,21
6711,6
6712,18
6713,4
6714,13
6715,5
6716,7
6717,5
6718,18
6719,5
6720,4
6721,10
6722,9
6723,4
6724,1
6725,2
6726,6
6727,6
6728,20
6729,1
6730,13
6731,18
6732,2
6733,9
6734,7
6735,11
6736,8
6737,16
6738,5
6739,15
6740,5
6741,1
6742,9
6743,9
6744,4
6745,13
6746,18
6747,18
6748,9
6749,9
6750,14
6751,10
6752,17
6753,2
6754,9
6755,1
6756,1
6757,12
6758,1
6759,8
6760,8
6761,7
6762,4
6763,3
6764,3
6765,2
6766,4
6767,6
6768,5
6769,13
6770,14
6771,1
6772,5
6773,8
6774,4
6775,7
6776,5
6777,3
6778,14
6779,12
6780,10
6781,7
6782,18
6783,7
6784,18
6785,6
6786,5
6787,2
6788,13
6789,10
6790,5
6791,1
6792,4
6793,10
6794,6
6795,1
6796,8
6797,11
6798,11
6799,14
6800,2
6801,11
6802,6
6803,9
6804,6
6805,6
6806,17
6807,2
6808,27
6809,12
6810,28
6811,4
6812,15
6813,3
6814,10
6815,8
6816,10
6817,18
6818,8
6819,2
6820,2
6821,8
6822,1
6823,9
6824,25
6825,6
6826,5
6827,9
6828,13
6829,13
6830,1
6831,3
6832,4
6833,5
6834,17
6835,13
6836,8
6837,7
6838,11
6839,17
6840,12
6841,7
6842,4
6843,12
6844,7
6845,11
6846,9
6847,5
6848,4
6849,8
6850,12
6851,10
6852,14
6853,4
6854,14
6855,13
6856,7
6857,7
6858,3
6859,13
6860,10
6861,6
6862,13
6863,7
6864,11
6865,14
6866,16
6867,3
6868,13
6869,9
6870,12
6871,7
6872,14
6873,5
6874,7
6875,11
6876,13
6877,8
6878,6
6879,5
6880,9
6881,9
6882,3
6883,1
6884,11
6885,1
6886,7
6887,23
6888,4
6889,4
6890,8
6891,15
6892,1
6893,3
6894,1
6895,17
6896,3
6897,2
6898,10
6899,3
6900,18
6901,8
6902,4
6903,29
6904,3
6905,13
6906,12
6907,22
6908,5
6909,8
6910,11
6911,14
6912,2
6913,9
6914,4
6915,3
6916,8
6917,3
6918,17
6919,15
6920,10
6921,11
6922,11
6923,9
6924,22
6925,9
6926,2
6927,13
6928,21
6929,18
6930,4
6931,5
6932,2
6933,10
6934,14
6935,2
6936,24
6937,2
6938,4
6939,3
6940,12
6941,17
6942,10
6943,4
6944,12
6945,14
6946,8
6947,17
6948,8
6949,7
6950,3
6951,4
6952,12
6953,2
6954,20
6955,13
6956,14
6957,3
6958,2
6959,20
6960,2
6961,4
6962,4
6963,7
6964,10
6965,3
6966,11
6967,1
6968,16
6969,12
6970,15
6971,5
6972,17
6973,16
6974,4
6975,5
6976,2
6977,1
6978,3
6979,6
6980,16
6981,3
6982,2
6983,15
6984,1
6985,7
6986,9
6987,1
6988,1
6989,12
6990,1
6991,4
6992,5
6993,2
6994,7
6995,1
6996,1
6997,6
6998,4
6999,12
7000,1
7001,10
7002,20
7003,1
7004,1
7005,9
7006,10
7007,26
7008,2
7009,5
7010,9
7011,6
7012,7
7013,7
7014,8
7015,11
7016,8
7017,3
7018,2
7019,6
7020,3
7021,13
7022,16
7023,13
7024,6
7025,15
7026,17
7027,10
7028,19
7029,12
7030,1
7031,1
7032,3
7033,3
7034,7
7035,3
7036,8
7037,9
7038,1
7039,7
7040,9
7041,3
7042,22
7043,22
7044,6
7045,2
7046,16
7047,2
7048,9
7049,11
7050,5
7051,22
7052,20
7053,15
7054,10
7055,16
7056,10
7057,6
7058,10
7059,16
7060,9
7061,8
7062,7
7063,13
7064,10
7065,8
7066,7
7067,2
7068,22
7069,5
7070,20
7071,6
7072,25
7073,1
7074,4
7075,2
7076,5
7077,10
7078,8
7079,3
7080,12
7081,3
7082,20
7083,3
7084,3
7085,6
7086,5
7087,7
7088,13
7089,3
7090,17
7091,4
7092,13
7093,7
7094,10
7095,4
7096,3
7097,3
7098,2
7099,1
7100,6
7101,8
7102,2
7103,3
7104,3
7105,8
7106,2
7107,8
7108,11
7109,2
7110,11
7111,11
7112,15
7113,10
7114,7
7115,5
7116,14
7117,5
7118,9
7119,7
7120,16
7121,2
7122,1
7123,3
7124,3
7125,19
7126,7
7127,2
7128,10
7129,7
7130,5
7131,2
7132,9
7133,6
7134,14
7135,1
7136,23
7137,8
7138,4
7139,5
7140,20
7141,1
7142,4
7143,4
7144,33
7145,5
7146,1
7147,5
7148,11
7149,6
7150,8
7151,19
7152,7
7153,10
7154,3
7155,11
7156,1
7157,6
7158,21
7159,14
7160,3
7161,11
7162,9
7163,3
7164,11
7165,14
7166,4
7167,12
7168,6
7169,7
7170,2
7171,1
7172,5
7173,13
7174,1
7175,9
7176,9
7177,13
7178,1
7179,8
7180,4
7181,7
7182,5
7183,8
7184,24
7185,6
7186,5
7187,11
7188,11
7189,11
7190,33
7191,8
7192,4
7193,24
7194,2
7195,7
7196,1
7197,19
7198,1
7199,3
7200,10
7201,9
7202,7
7203,27
7204,15
7205,2
7206,1
7207,15
7208,9
7209,2
7210,5
7211,4
7212,10
7213,34
7214,8
7215,10
7216,2
7217,18
7218,3
7219,3
7220,10
7221,1
7222,10
7223,6
7224,3
7225,23
7226,17
7227,8
7228,8
7229,11
7230,2
7231,27
7232,8
7233,18
7234,9
7235,19
7236,12
7237,1
7238,1
7239,3
7240,9
7241,8
7242,21
7243,14
7244,16
7245,4
7246,20
7247,14
7248,11
7249,4
7250,5
7251,7
7252,11
7253,15
7254,12
7255,2
7256,7
7257,12
7258,2
7259,10
7260,26
7261,4
7262,5
7263,4
7264,7
7265,3
7266,3
7267,1
7268,5
7269,9
7270,3
7271,7
7272,12
7273,4
7274,20
7275,12
7276,1
7277,13
7278,5
7279,4
7280,2
7281,1
7282,20
7283,16
7284,10
7285,3
7286,1
7287,2
7288,14
7289,10
7290,1
7291,5
7292,5
7293,9
7294,17
7295,6
7296,10
7297,7
7298,16
7299,2
7300,1
7301,2
7302,19
7303,4
7304,2
7305,4
7306,1
7307,7
7308,7
7309,5
7310,5
7311,9
7312,10
7313,10
7314,7
7315,16
7316,8
7317,5
7318,13
7319,21
7320,7
7321,1
7322,9
7323,14
7324,9
7325,10
7326,15
7327,11
7328,8
7329,16
7330,8
7331,2
7332,10
7333,11
7334,8
7335,3
7336,1
7337,11
7338,5
7339,9
7340,8
7341,14
7342,3
7343,3
7344,7
7345,3
7346,10
7347,26
7348,3
7349,6
7350,1
7351,12
7352,8
7353,9
7354,20
7355,2
7356,6
7357,20
7358,5
7359,12
7360,5
7361,11
7362,2
7363,9
7364,22
7365,3
7366,2
7367,14
7368,19
7369,10
7370,6
7371,20
7372,5
7373,8
7374,1
7375,2
7376,4
7377,5
7378,3
7379,10
7380,8
7381,12
7382,24
7383,19
7384,3
7385,15
7386,8
7387,9
7388,9
7389,14
7390,5
7391,9
7392,5
7393,10
7394,5
7395,1
7396,2
7397,11
7398,6
7399,2
7400,3
7401,25
7402,1
7403,1
7404,22
7405,18
7406,4
7407,16
7408,24
7409,1
7410,5
7411,8
7412,7
7413,17
7414,6
7415,3
7416,18
7417,7
7418,9
7419,9
7420,11
7421,2
7422,17
7423,20
7424,1
7425,3
7426,1
7427,3
7428,5
7429,1
7430,4
7431,2
7432,2
7433,3
7434,4
7435,4
7436,3
7437,3
7438,12
7439,3
7440,2
7441,8
7442,11
7443,7
7444,6
7445,9
7446,4
7447,8
7448,4
7449,7
7450,5
7451,1
7452,2
7453,5
7454,1
7455,2
7456,3
7457,5
7458,2
7459,10
7460,3
7461,1
7462,12
7463,10
7464,5
7465,14
7466,1
7467,5
7468,9
7469,8
7470,5
7471,13
7472,8
7473,5
7474,4
7475,7
7476,3
7477,10
7478,6
7479,21
7480,11
7481,3
7482,4
7483,8
7484,15
7485,4
7486,7
7487,15
7488,3
7489,4
7490,11
7491,11
7492,2
7493,17
7494,4
7495,10
7496,12
7497,14
7498,14
7499,1
7500,6
7501,5
7502,1
7503,5
7504,11
7505,14
7506,3
7507,5
7508,4
7509,11
7510,5
7511,3
7512,16
7513,11
7514,7
7515,11
7516,23
7517,13
7518,5
7519,14
7520,2
7521,10
7522,8
7523,6
7524,6
7525,9
7526,16
7527,3
7528,5
7529,5
7530,15
7531,3
7532,12
7533,4
7534,18
7535,14
7536,3
7537,13
7538,14
7539,7
7540,19
7541,5
7542,5
7543,18
7544,16
7545,2
7546,2
7547,4
7548,5
7549,8
7550,2
7551,5
7552,4
7553,11
7554,8
7555,3
7556,19
7557,4
7558,2
7559,1
7560,10
7561,2
7562,9
7563,11
7564,4
7565,10
7566,5
7567,19
7568,7
7569,7
7570,9
7571,12
7572,2
7573,9
7574,7
7575,14
7576,4
7577,11
7578,3
7579,3
7580,1
7581,5
7582,1
7583,7
7584,9
7585,3
7586,8
7587,1
7588,1
7589,7
7590,7
7591,3
7592,12
7593,15
7594,15
7595,2
7596,15
7597,7
7598,3
7599,5
7600,3
7601,6
7602,1
7603,15
7604,10
7605,2
7606,9
7607,7
7608,10
7609,7
7610,3
7611,2
7612,9
7613,8
7614,11
7615,13
7616,7
7617,1
7618,22
7619,23
7620,4
7621,4
7622,13
7623,2
7624,5
7625,3
7626,12
7627,3
7628,9
7629,6
7630,10
7631,30
7632,1
7633,2
7634,1
7635,9
7636,4
7637,11
7638,4
7639,20
7640,6
7641,4
7642,4
7643,1
7644,13
7645,20
7646,9
7647,12
7648,8
7649,7
7650,13
7651,6
7652,4
7653,13
7654,12
7655,3
7656,18
7657,2
7658,1
7659,6
7660,13
7661,9
7662,2
7663,5
7664,7
7665,5
7666,4
7667,11
7668,10
7669,19
7670,12
7671,15
7672,10
7673,3
7674,16
7675,14
7676,6
7677,6
7678,6
7679,10
7680,6
7681,11
7682,7
7683,8
7684,7
7685,3
7686,7
7687,16
7688,10
7689,7
7690,6
7691,3
7692,10
7693,3
7694,7
7695,12
7696,9
7697,1
7698,11
7699,10
7700,12
7701,20
7702,3
7703,7
7704,6
7705,17
7706,6
7707,8
7708,25
7709,6
7710,1
7711,8
7712,16
7713,5
7714,13
7715,5
7716,2
7717,3
7718,18
7719,9
7720,4
7721,5
7722,10
7723,8
7724,8
7725,5
7726,1
7727,11
7728,7
7729,1
7730,12
7731,2
7732,1
7733,13
7734,8
7735,4
7736,12
7737,16
7738,12
7739,13
7740,26
7741,3
7742,12
7743,2
7744,4
7745,16
7746,13
7747,6
7748,5
7749,6
7750,1
7751,15
7752,2
7753,6
7754,9
7755,11
7756,4
7757,3
7758,11
7759,6
7760,16
7761,4
7762,9
7763,10
7764,14
7765,9
7766,1
7767,1
7768,7
7769,4
7770,2
7771,7
7772,18
7773,2
7774,24
7775,8
7776,12
7777,9
7778,9
7779,2
7780,12
7781,27
7782,4
7783,12
7784,6
7785,13
7786,18
7787,8
7788,3
7789,7
7790,8
7791,1
7792,2
7793,7
7794,6
7795,10
7796,1
7797,9
7798,8
7799,3
7800,23
7801,1
7802,13
7803,6
7804,5
7805,7
7806,9
7807,4
7808,3
7809,6
7810,1
7811,4
7812,5
7813,7
7814,19
7815,2
7816,2
7817,5
7818,12
7819,17
7820,9
7821,11
7822,2
7823,21
7824,14
7825,8
7826,9
7827,12
7828,6
7829,17
7830,9
7831,5
7832,2
7833,8
7834,1
7835,8
7836,13
7837,5
7838,14
7839,6
7840,3
7841,9
7842,16
7843,9
7844,13
7845,7
7846,15
7847,1
7848,4
7849,9
7850,8
7851,6
7852,9
7853,6
7854,9
7855,13
7856,13
7857,8
7858,1
7859,8
7860,8
7861,3
7862,9
7863,1
7864,1
7865,13
7866,2
7867,2
7868,11
7869,1
7870,7
7871,8
7872,6
7873,7
7874,3
7875,3
7876,1
7877,5
7878,1
7879,6
7880,9
7881,11
7882,4
7883,6
7884,5
7885,9
7886,4
7887,10
7888,5
7889,3
7890,10
7891,6
7892,5
7893,21
7894,20
7895,12
7896,2
7897,29
7898,10
7899,7
7900,2
7901,6
7902,9
7903,15
7904,9
7905,28
7906,14
7907,1
7908,15
7909,20
7910,4
7911,11
7912,5
7913,11
7914,22
7915,4
7916,5
7917,2
7918,10
7919,18
7920,7
7921,23
7922,3
7923,12
7924,5
7925,6
7926,9
7927,4
7928,3
7929,5
7930,10
7931,30
7932,6
7933,7
7934,1
7935,10
7936,6
7937,1
7938,1
7939,5
7940,1
7941,7
7942,8
7943,5
7944,3
7945,16
7946,8
7947,3
7948,1
7949,6
7950,4
7951,4
7952,11
7953,1
7954,10
7955,6
7956,5
7957,4
7958,3
7959,6
7960,7
7961,7
7962,5
7963,10
7964,1
7965,4
7966,9
7967,9
7968,1
7969,1
7970,3
7971,12
7972,6
7973,1
7974,25
7975,1
7976,3
7977,18
7978,7
7979,2
7980,6
7981,4
7982,11
7983,2
7984,5
7985,14
7986,13
7987,3
7988,3
7989,4
7990,12
7991,8
7992,10
7993,1
7994,3
7995,15
7996,13
7997,14
7998,2
7999,12
8000,5
8001,2
8002,2
8003,1
8004,6
8005,5
8006,1
8007,19
8008,1
8009,10
8010,7
8011,6
8012,6
8013,2
8014,17
8015,17
8016,1
8017,3
8018,1
8019,7
8020,4
8021,9
8022,2
8023,3
8024,21
8025,2
8026,6
8027,1
8028,3
8029,7
8030,1
8031,3
8032,21
8033,1
8034,4
8035,8
8036,3
8037,20
8038,8
8039,6
8040,11
8041,5
8042,17
8043,1
8044,14
8045,6
8046,3
8047,4
8048,1
8049,27
8050,5
8051,27
8052,1
8053,13
8054,8
8055,13
8056,2
8057,7
8058,4
8059,5
8060,9
8061,2
8062,14
8063,8
8064,8
8065,1
8066,5
8067,5
8068,4
8069,8
8070,3
8071,2
8072,3
8073,2
8074,1
8075,11
8076,4
8077,3
8078,10
8079,13
8080,1
8081,5
8082,2
8083,8
8084,11
8085,4
8086,8
8087,7
8088,3
8089,10
8090,4
8091,1
8092,7
8093,1
8094,9
8095,1
8096,3
8097,10
8098,12
8099,10
8100,1
8101,12
8102,4
8103,3
8104,1
8105,6
8106,4
8107,6
8108,7
8109,15
8110,1
8111,3
8112,3
8113,4
8114,6
8115,4
8116,7
8117,22
8118,1
8119,4
8120,5
8121,10
8122,9
8123,5
8124,12
8125,4
8126,15
8127,5
8128,19
8129,1
8130,11
8131,6
8132,2
8133,7
8134,5
8135,2
8136,12
8137,3
8138,4
8139,9
8140,9
8141,2
8142,2
8143,3
8144,9
8145,9
8146,9
8147,2
8148,1
8149,8
8150,7
8151,13
8152,11
8153,3
8154,10
8155,12
8156,15
8157,9
8158,2
8159,9
8160,2
8161,9
8162,6
8163,8
8164,8
8165,7
8166,9
8167,12
8168,4
8169,17
8170,2
8171,23
8172,4
8173,6
8174,12
8175,4
8176,1
8177,3
8178,8
8179,17
8180,12
8181,3
8182,3
8183,16
8184,2
8185,2
8186,3
8187,16
8188,3
8189,1
8190,4
8191,7
8192,9
8193,4
8194,24
8195,2
8196,10
8197,4
8198,6
8199,15
8200,19
8201,4
8202,2
8203,5
8204,4
8205,9
8206,1
8207,15
8208,8
8209,5
8210,4
8211,1
8212,3
8213,12
8214,2
8215,10
8216,11
8217,7
8218,4
8219,11
8220,10
8221,14
8222,16
8223,4
8224,9
8225,12
8226,5
8227,18
8228,9
8229,10
8230,7
8231,3
8232,16
8233,5
8234,2
8235,18
8236,3
8237,18
8238,7
8239,11
8240,2
8241,9
8242,9
8243,8
8244,5
8245,15
8246,4
8247,5
8248,12
8249,6
8250,10
8251,4
8252,1
8253,6
8254,12
8255,6
8256,17
8257,1
8258,4
8259,11
8260,10
8261,4
8262,4
8263,1
8264,13
8265,6
8266,1
8267,16
8268,2
8269,25
8270,3
8271,14
8272,6
8273,2
8274,1
8275,7
8276,7
8277,1
8278,3
8279,10
8280,1
8281,6
8282,1
8283,11
8284,1
8285,5
8286,5
8287,2
8288,8
8289,7
8290,4
8291,8
8292,4
8293,1
8294,9
8295,10
8296,2
8297,22
8298,1
8299,2
8300,5
8301,9
8302,8
8303,3
8304,2
8305,6
8306,7
8307,6
8308,3
8309,4
8310,5
8311,4
8312,1
8313,5
8314,1
8315,3
8316,5
8317,4
8318,1
8319,11
8320,14
8321,9
8322,18
8323,11
8324,8
8325,13
8326,7
8327,6
8328,5
8329,6
8330,16
8331,12
8332,2
8333,4
8334,9
8335,6
8336,2
8337,1
8338,1
8339,6
8340,9
8341,11
8342,7
8343,1
8344,1
8345,11
8346,8
8347,1
8348,7
8349,7
8350,4
8351,3
8352,10
8353,3
8354,14
8355,3
8356,10
8357,12
8358,8
8359,4
8360,15
8361,8
8362,5
8363,11
8364,2
8365,6
8366,7
8367,10
8368,3
8369,4
8370,4
8371,7
8372,13
8373,1
8374,3
8375,13
8376,15
8377,7
8378,8
8379,5
8380,20
8381,3
8382,8
8383,8
8384,1
8385,15
8386,5
8387,4
8388,4
8389,23
8390,7
8391,15
8392,7
8393,2
8394,13
8395,8
8396,1
8397,4
8398,5
8399,10
8400,14
8401,11
8402,3
8403,12
8404,4
8405,9
8406,2
8407,8
8408,6
8409,21
8410,3
8411,1
8412,9
8413,3
8414,6
8415,6
8416,21
8417,16
8418,16
8419,4
8420,6
8421,18
8422,4
8423,13
8424,8
8425,9
8426,12
8427,15
8428,1
8429,3
8430,12
8431,6
8432,2
8433,2
8434,8
8435,2
8436,1
8437,7
8438,7
8439,6
8440,6
8441,4
8442,1
8443,14
8444,6
8445,2
8446,12
8447,10
8448,8
8449,12
8450,8
8451,2
8452,3
8453,14
8454,13
8455,6
8456,9
8457,4
8458,7
8459,1
8460,24
8461,19
8462,2
8463,8
8464,11
8465,2
8466,17
8467,3
8468,3
8469,20
8470,7
8471,4
8472,3
8473,1
8474,9
8475,8
8476,6
8477,15
8478,7
8479,19
8480,7
8481,2
8482,1
8483,1
8484,11
8485,3
8486,4
8487,3
8488,1
8489,3
8490,3
8491,11
8492,2
8493,7
8494,6
8495,6
8496,3
8497,12
8498,14
8499,2
8500,9
8501,2
8502,10
8503,6
8504,4
8505,11
8506,12
8507,12
8508,17
8509,9
8510,14
8511,10
8512,4
8513,2
8514,11
8515,15
8516,17
8517,3
8518,4
8519,2
8520,7
8521,1
8522,5
8523,4
8524,15
8525,11
8526,5
8527,17
8528,5
8529,5
8530,3
8531,7
8532,4
8533,15
8534,20
8535,1
8536,1
8537,20
8538,3
8539,4
8540,16
8541,6
8542,1
8543,12
8544,4
8545,6
8546,12
8547,3
8548,15
8549,21
8550,2
8551,7
8552,14
8553,12
8554,4
8555,11
8556,8
8557,11
8558,7
8559,4
8560,3
8561,2
8562,3
8563,1
8564,3
8565,4
8566,11
8567,9
8568,3
8569,4
8570,8
8571,15
8572,13
8573,4
8574,12
8575,11
8576,21
8577,1
8578,3
8579,11
8580,8
8581,2
8582,5
8583,15
8584,3
8585,4
8586,17
8587,10
8588,8
8589,2
8590,7
8591,2
8592,2
8593,20
8594,5
8595,12
8596,2
8597,4
8598,10
8599,3
8600,6
8601,8
8602,3
8603,1
8604,2
8605,16
8606,4
8607,6
8608,5
8609,27
8610,1
8611,8
8612,6
8613,1
8614,3
8615,14
8616,10
8617,6
8618,1
8619,1
8620,11
8621,17
8622,3
8623,20
8624,9
8625,1
8626,10
8627,13
8628,3
8629,23
8630,12
8631,14
8632,6
8633,2
8634,10
8635,2
8636,5
8637,15
8638,8
8639,1
8640,4
8641,2
8642,9
8643,5
8644,4
8645,3
8646,8
8647,9
8648,15
8649,1
8650,4
8651,10
8652,6
8653,3
8654,3
8655,10
8656,6
8657,10
8658,4
8659,19
8660,25
8661,1
8662,12
8663,8
8664,18
8665,7
8666,20
8667,6
8668,3
8669,5
8670,5
8671,7
8672,3
8673,4
8674,6
8675,8
8676,7
8677,2
8678,5
8679,14
8680,20
8681,9
8682,10
8683,3
8684,15
8685,11
8686,15
8687,5
8688,18
8689,21
8690,6
8691,2
8692,15
8693,6
8694,12
8695,10
8696,6
8697,5
8698,7
8699,1
8700,7
8701,3
8702,7
8703,2
8704,2
8705,6
8706,5
8707,10
8708,4
8709,12
8710,8
8711,3
8712,5
8713,4
8714,2
8715,13
8716,16
8717,21
8718,1
8719,2
8720,20
8721,8
8722,4
8723,2
8724,5
8725,2
8726,5
8727,2
8728,11
8729,25
8730,17
8731,2
8732,8
8733,8
8734,11
8735,5
8736,8
8737,12
8738,7
8739,1
8740,16
8741,2
8742,10
8743,2
8744,1
8745,8
8746,2
8747,7
8748,11
8749,14
8750,1
8751,2
8752,11
8753,5
8754,8
8755,9
8756,12
8757,10
8758,15
8759,1
8760,15
8761,4
8762,2
8763,6
8764,2
8765,3
8766,6
8767,6
8768,17
8769,2
8770,13
8771,16
8772,7
8773,7
8774,2
8775,1
8776,1
8777,7
8778,10
8779,1
8780,1
8781,14
8782,3
8783,9
8784,14
8785,12
8786,6
8787,1
8788,4
8789,4
8790,9
8791,2
8792,12
8793,5
8794,7
8795,5
8796,1
8797,3
8798,11
8799,7
8800,1
8801,12
8802,2
8803,6
8804,2
8805,8
8806,5
8807,9
8808,1
8809,3
8810,3
8811,10
8812,2
8813,13
8814,2
8815,4
8816,11
8817,9
8818,22
8819,6
8820,10
8821,3
8822,8
8823,11
8824,5
8825,3
8826,10
8827,2
8828,12
8829,2
8830,6
8831,14
8832,11
8833,7
8834,16
8835,13
8836,15
8837,4
8838,2
8839,17
8840,1
8841,12
8842,12
8843,2
8844,5
8845,15
8846,2
8847,7
8848,2
8849,12
8850,2
8851,10
8852,7
8853,15
8854,11
8855,5
8856,7
8857,4
8858,6
8859,4
8860,10
8861,4
8862,4
8863,5
8864,2
8865,4
8866,12
8867,3
8868,7
8869,3
8870,3
8871,8
8872,1
8873,6
8874,9
8875,13
8876,5
8877,4
8878,6
8879,3
8880,2
8881,4
8882,13
8883,30
8884,4
8885,3
8886,13
8887,23
8888,19
8889,13
8890,9
8891,4
8892,6
8893,7
8894,5
8895,5
8896,3
8897,16
8898,12
8899,16
8900,10
8901,17
8902,8
8903,11
8904,9
8905,18
8906,8
8907,13
8908,18
8909,4
8910,6
8911,1
8912,1
8913,2
8914,1
8915,1
8916,12
8917,3
8918,1
8919,2
8920,7
8921,5
8922,14
8923,2
8924,12
8925,7
8926,3
8927,4
8928,5
8929,9
8930,7
8931,9
8932,7
8933,5
8934,12
8935,5
8936,4
8937,1
8938,9
8939,12
8940,2
8941,11
8942,10
8943,11
8944,13
8945,12
8946,8
8947,11
8948,3
8949,19
8950,9
8951,9
8952,12
8953,16
8954,4
8955,4
8956,20
8957,13
8958,7
8959,17
8960,19
8961,19
8962,16
8963,13
8964,7
8965,13
8966,1
8967,32
8968,13
8969,26
8970,9
8971,9
8972,20
8973,7
8974,17
8975,8
8976,5
8977,5
8978,10
8979,11
8980,2
8981,7
8982,8
8983,8
8984,3
8985,15
8986,3
8987,8
8988,3
8989,1
8990,24
8991,21
8992,11
8993,11
8994,16
8995,12
8996,2
8997,13
8998,14
8999,13
9000,14
9001,27
9002,16
9003,4
9004,16
9005,6
9006,20
9007,9
9008,23
9009,13
9010,7
9011,19
9012,1
9013,3
9014,18
9015,9
9016,4
9017,22
9018,2
9019,14
9020,5
9021,9
9022,2
9023,12
9024,3
9025,12
9026,11
9027,14
9028,2
9029,1
9030,2
9031,1
9032,24
9033,9
9034,19
9035,5
9036,4
9037,1
9038,14
9039,34
9040,10
9041,6
9042,7
9043,8
9044,15
9045,9
9046,1
9047,8
9048,20
9049,3
9050,10
9051,5
9052,5
9053,11
9054,12
9055,13
9056,14
9057,7
9058,3
9059,13
9060,15
9061,6
9062,13
9063,16
9064,5
9065,5
9066,17
9067,1
9068,12
9069,9
9070,4
9071,19
9072,9
9073,8
9074,13
9075,5
9076,11
9077,19
9078,17
9079,23
9080,17
9081,20
9082,7
9083,3
9084,30
9085,4
9086,8
9087,20
9088,6
9089,10
9090,8
9091,4
9092,12
9093,9
9094,9
9095,3
9096,7
9097,8
9098,13
9099,2
9100,4
9101,7
9102,11
9103,31
9104,29
9105,25
9106,14
9107,25
9108,3
9109,7
9110,26
9111,11
9112,3
9113,3
9114,13
9115,18
9116,12
9117,1
9118,26
9119,1
9120,6
9121,11
9122,8
9123,10
9124,41
9125,18
9126,8
9127,1
9128,7
9129,1
9130,29
9131,9
9132,17
9133,6
9134,5
9135,16
9136,11
9137,3
9138,2
9139,8
9140,3
9141,1
9142,6
9143,7
9144,8
9145,18
9146,15
9147,6
9148,7
9149,20
9150,5
9151,7
9152,9
9153,1
9154,13
9155,23
9156,25
9157,3
9158,14
9159,2
9160,15
9161,7
9162,1
9163,7
9164,9
9165,6
9166,10
9167,18
9168,24
9169,23
9170,17
9171,22
9172,21
9173,12
9174,16
9175,22
9176,15
9177,10
9178,3
9179,12
9180,27
9181,4
9182,1
9183,20
9184,4
9185,39
9186,21
9187,28
9188,9
9189,17
9190,17
9191,12
9192,5
9193,5
9194,6
9195,4
9196,11
9197,20
9198,2
9199,5
9200,5
9201,12
9202,2
9203,29
9204,20
9205,9
9206,9
9207,8
9208,15
9209,5
9210,19
9211,4
9212,17
9213,13
9214,19
9215,17
9216,15
9217,19
9218,19
9219,5
9220,5
9221,10
9222,19
9223,23
9224,18
9225,42
9226,16
9227,23
9228,5
9229,1
9230,2
9231,13
9232,3
9233,6
9234,14
9235,14
9236,3
9237,1
9238,6
9239,9
9240,23
9241,3
9242,2
9243,2
9244,16
9245,2
9246,17
9247,21
9248,5
9249,13
9250,3
9251,6
9252,12
9253,3
9254,2
9255,12
9256,5
9257,8
9258,2
9259,15
9260,2
9261,19
9262,5
9263,3
9264,9
9265,15
9266,15
9267,3
9268,16
9269,8
9270,5
9271,35
9272,16
9273,16
9274,10
9275,6
9276,16
9277,12
9278,13
9279,9
9280,24
9281,15
9282,22
9283,40
9284,1
9285,29
9286,3
9287,15
9288,5
9289,4
9290,9
9291,11
9292,6
9293,4
9294,3
9295,2
9296,12
9297,5
9298,9
9299,37
9300,7
9301,5
9302,9
9303,6
9304,11
9305,7
9306,3
9307,6
9308,35
9309,7
9310,10
9311,7
9312,5
9313,1
9314,2
9315,3
9316,3
9317,16
9318,12
9319,4
9320,7
9321,14
9322,7
9323,11
9324,8
9325,9
9326,2
9327,8
9328,13
9329,23
9330,6
9331,8
9332,2
9333,4
9334,20
9335,7
9336,7
9337,8
9338,6
9339,11
9340,10
9341,4
9342,6
9343,22
9344,8
9345,2
9346,11
9347,20
9348,15
9349,29
9350,10
9351,8
9352,10
9353,18
9354,1
9355,6
9356,12
9357,10
9358,4
9359,18
9360,5
9361,11
9362,20
9363,13
9364,6
9365,20
9366,20
9367,3
9368,1
9369,17
9370,13
9371,8
9372,16
9373,10
9374,4
9375,19
9376,10
9377,11
9378,8
9379,10
9380,1
9381,17
9382,3
9383,3
9384,7
9385,14
9386,10
9387,3
9388,16
9389,23
9390,9
9391,9
9392,9
9393,15
9394,6
9395,10
9396,9
9397,23
9398,4
9399,15
9400,14
9401,32
9402,8
9403,32
9404,18
9405,12
9406,16
9407,14
9408,4
9409,7
9410,1
9411,12
9412,7
9413,11
9414,6
9415,3
9416,7
9417,1
9418,6
9419,5
9420,11
9421,9
9422,6
9423,5
9424,11
9425,1
9426,6
9427,4
9428,2
9429,12
9430,6
9431,4
9432,8
9433,4
9434,9
9435,15
9436,1
9437,10
9438,9
9439,2
9440,10
9441,13
9442,7
9443,9
9444,2
9445,4
9446,1
9447,3
9448,2
9449,5
9450,3
9451,6
9452,11
9453,3
9454,12
9455,1
9456,6
9457,1
9458,12
9459,2
9460,7
9461,4
9462,12
9463,8
9464,2
9465,11
9466,3
9467,1
9468,2
9469,6
9470,11
9471,2
9472,2
9473,8
9474,3
9475,12
9476,4
9477,7
9478,2
9479,1
9480,13
9481,2
9482,1
9483,2
9484,18
9485,14
9486,1
9487,6
9488,5
9489,4
9490,16
9491,1
9492,8
9493,1
9494,2
9495,3
9496,4
9497,1
9498,8
9499,3
9500,11
9501,4
9502,7
9503,4
9504,8
9505,1
9506,1
9507,2
9508,3
9509,3
9510,4
9511,2
9512,6
9513,4
9514,10
9515,11
9516,4
9517,3
9518,5
9519,4
9520,17
9521,6
9522,2
9523,14
9524,8
9525,11
9526,1
9527,15
9528,9
9529,2
9530,8
9531,9
9532,10
9533,6
9534,1
9535,7
9536,4
9537,2
9538,6
9539,3
9540,11
9541,9
9542,6
9543,7
9544,3
9545,3
9546,6
9547,1
9548,13
9549,9
9550,5
9551,9
9552,5
9553,9
9554,4
9555,8
9556,7
9557,4
9558,13
9559,1
9560,6
9561,5
9562,1
9563,5
9564,8
9565,10
9566,5
9567,12
9568,1
9569,3
9570,7
9571,1
9572,2
9573,2
9574,5
9575,3
9576,4
9577,1
9578,5
9579,10
9580,10
9581,6
9582,3
9583,2
9584,9
9585,1
9586,3
9587,7
9588,4
9589,2
9590,1
9591,8
9592,4
9593,7
9594,3
9595,1
9596,1
9597,18
9598,9
9599,8
9600,1
9601,14
9602,13
9603,1
9604,2
9605,5
9606,1
9607,6
9608,8
9609,8
9610,9
9611,4
9612,2
9613,3
9614,4
9615,14
9616,2
9617,3
9618,9
9619,4
9620,2
9621,7
9622,6
9623,2
9624,4
9625,3
9626,3
9627,6
9628,5
9629,3
9630,9
9631,7
9632,6
9633,1
9634,2
9635,9
9636,3
9637,1
9638,13
9639,1
9640,1
9641,20
9642,3
9643,4
9644,9
9645,12
9646,9
9647,1
9648,2
9649,11
9650,20
9651,3
9652,12
9653,2
9654,6
9655,3
9656,2
9657,7
9658,5
9659,4
9660,1
9661,4
9662,1
9663,5
9664,1
9665,2
9666,2
9667,5
9668,2
9669,6
9670,10
9671,8
9672,2
9673,2
9674,2
9675,22
9676,13
9677,4
9678,11
9679,8
9680,1
9681,7
9682,1
9683,6
9684,10
9685,11
9686,5
9687,6
9688,4
9689,6
9690,4
9691,7
9692,1
9693,3
9694,3
9695,4
9696,7
9697,3
9698,7
9699,1
9700,8
9701,3
9702,1
9703,1
9704,8
9705,8
9706,1
9707,5
9708,2
9709,8
9710,2
9711,12
9712,3
9713,14
9714,3
9715,16
9716,5
9717,5
9718,2
9719,2
9720,2
9721,10
9722,2
9723,4
9724,2
9725,4
9726,3
9727,6
9728,3
9729,2
9730,6
9731,14
9732,12
9733,14
9734,8
9735,17
9736,1
9737,2
9738,4
9739,10
9740,3
9741,3
9742,16
9743,3
9744,1
9745,7
9746,5
9747,5
9748,1
9749,1
9750,12
9751,7
9752,5
9753,6
9754,4
9755,5
9756,7
9757,4
9758,9
9759,1
9760,1
9761,5
9762,1
9763,1
9764,8
9765,9
9766,5
9767,2
9768,2
9769,6
9770,7
9771,7
9772,2
9773,7
9774,16
9775,1
9776,16
9777,5
9778,2
9779,7
9780,1
9781,2
9782,6
9783,8
9784,4
9785,1
9786,7
9787,7
9788,3
9789,1
9790,4
9791,9
9792,5
9793,5
9794,6
9795,1
9796,2
9797,2
9798,5
9799,1
9800,6
9801,2
9802,1
9803,3
9804,9
9805,15
9806,8
9807,3
9808,2
9809,1
9810,9
9811,6
9812,7
9813,5
9814,5
9815,8
9816,3
9817,1
9818,2
9819,6
9820,3
9821,18
9822,12
9823,5
9824,2
9825,2
9826,10
9827,2
9828,9
9829,5
9830,2
9831,10
9832,3
9833,2
9834,5
9835,3
9836,8
9837,5
9838,7
9839,3
9840,4
9841,5
9842,4
9843,12
9844,6
9845,1
9846,6
9847,7
9848,2
9849,1
9850,4
9851,6
9852,11
9853,5
9854,4
9855,1
9856,14
9857,3
9858,6
9859,9
9860,7
9861,5
9862,1
9863,2
9864,11
9865,15
9866,12
9867,9
9868,4
9869,2
9870,1
9871,2
9872,9
9873,4
9874,2
9875,7
9876,15
9877,4
9878,14
9879,2
9880,6
9881,13
9882,3
9883,1
9884,2
9885,10
9886,14
9887,7
9888,5
9889,13
9890,13
9891,3
9892,7
9893,1
9894,8
9895,3
9896,1
9897,3
9898,1
9899,5
9900,3
9901,5
9902,3
9903,9
9904,3
9905,2
9906,17
9907,5
9908,2
9909,4
9910,4
9911,8
9912,3
9913,2
9914,2
9915,8
9916,11
9917,6
9918,3
9919,3
9920,13
9921,2
9922,4
9923,4
9924,1
9925,18
9926,15
9927,7
9928,19
9929,6
9930,16
9931,6
9932,15
9933,7
9934,7
9935,4
9936,11
9937,4
9938,12
9939,19
9940,17
9941,7
9942,6
9943,15
9944,6
9945,4
9946,10
9947,2
9948,8
9949,9
9950,23
9951,7
9952,6
9953,16
9954,27
9955,5
9956,10
9957,3
9958,7
9959,17
9960,13
9961,4
9962,3
9963,2
9964,2
9965,16
9966,11
9967,10
9968,9
9969,6
9970,4
9971,9
9972,14
9973,4
9974,2
9975,4
9976,2
9977,5
9978,11
9979,3
9980,17
9981,8
9982,9
9983,12
9984,7
9985,1
9986,5
9987,15
9988,5
9989,6
9990,5
9991,10
9992,16
9993,2
9994,3
9995,4
9996,8
9997,10
9998,26
9999,9
10000,6
10001,22
10002,5
10003,1
10004,16
10005,11
10006,7
10007,25
10008,1
10009,10
10010,18
10011,6
10012,12
10013,10
10014,7
10015,19
10016,8
10017,7
10018,17
10019,8
10020,12
10021,12
10022,4
10023,4
10024,9
10025,9
10026,18
10027,6
10028,17
10029,8
10030,10
10031,15
10032,5
10033,2
10034,11
10035,7
10036,11
10037,6
10038,12
10039,4
10040,4
10041,1
10042,8
10043,4
10044,13
10045,14
10046,10
10047,7
10048,14
10049,10
10050,9
10051,6
10052,6
10053,1
10054,8
10055,5
10056,11
10057,13
10058,7
10059,9
10060,9
10061,2
10062,4
10063,3
10064,17
10065,3
10066,5
10067,20
10068,8
10069,2
10070,3
10071,17
10072,1
10073,5
10074,14
10075,3
10076,10
10077,2
10078,8
10079,10
10080,12
10081,1
10082,12
10083,3
10084,11
10085,7
10086,6
10087,14
10088,6
10089,8
10090,3
10091,10
10092,4
10093,4
10094,4
10095,12
10096,2
10097,19
10098,6
10099,14
10100,25
10101,7
10102,10
10103,8
10104,1
10105,10
10106,3
10107,8
10108,12
10109,1
10110,14
10111,2
10112,5
10113,8
10114,27
10115,1
10116,18
10117,5
10118,4
10119,17
10120,3
10121,17
10122,11
10123,5
10124,3
10125,2
10126,3
10127,10
10128,13
10129,4
10130,1
10131,12
10132,6
10133,5
10134,15
10135,7
10136,16
10137,8
10138,2
10139,16
10140,7
10141,6
10142,1
10143,1
10144,19
10145,20
10146,18
10147,12
10148,16
10149,3
10150,6
10151,16
10152,8
10153,8
10154,3
10155,8
10156,7
10157,7
10158,10
10159,2
10160,29
10161,4
10162,3
10163,2
10164,17
10165,10
10166,5
10167,12
10168,1
10169,13
10170,2
10171,6
10172,6
10173,11
10174,11
10175,22
10176,14
10177,3
10178,6
10179,11
10180,11
10181,2
10182,2
10183,27
10184,2
10185,6
10186,6
10187,13
10188,7
10189,4
10190,6
10191,10
10192,7
10193,6
10194,3
10195,8
10196,1
10197,8
10198,1
10199,8
10200,6
10201,18
10202,10
10203,14
10204,11
10205,15
10206,6
10207,15
10208,1
10209,2
10210,5
10211,15
10212,20
10213,15
10214,20
10215,22
10216,2
10217,5
10218,5
10219,3
10220,13
10221,10
10222,3
10223,1
10224,9
10225,11
10226,6
10227,18
10228,1
10229,9
10230,11
10231,5
10232,6
10233,10
10234,18
10235,14
10236,20
10237,14
10238,5
10239,16
10240,18
10241,3
10242,4
10243,10
10244,1
10245,7
10246,3
10247,17
10248,9
10249,8
10250,10
10251,18
10252,8
10253,18
10254,1
10255,8
10256,23
10257,6
10258,10
10259,2
10260,12
10261,19
10262,5
10263,11
10264,6
10265,14
10266,12
10267,6
10268,12
10269,9
10270,6
10271,7
10272,10
10273,32
10274,6
10275,9
10276,4
10277,11
10278,2
10279,6
10280,7
10281,5
10282,4
10283,6
10284,5
10285,1
10286,2
10287,4
10288,10
10289,4
10290,1
10291,2
10292,9
10293,12
10294,2
10295,3
10296,5
10297,6
10298,23
10299,18
10300,9
10301,12
10302,1
10303,17
10304,21
10305,8
10306,9
10307,1
10308,8
10309,9
10310,12
10311,3
10312,3
10313,23
10314,7
10315,6
10316,12
10317,15
10318,10
10319,12
10320,2
10321,12
10322,2
10323,7
10324,10
10325,6
10326,7
10327,15
10328,8
10329,6
10330,15
10331,9
10332,10
10333,9
10334,1
10335,1
10336,6
10337,8
10338,14
10339,12
10340,16
10341,1
10342,5
10343,4
10344,4
10345,5
10346,5
10347,4
10348,7
10349,10
10350,3
10351,12
10352,11
10353,3
10354,7
10355,7
10356,4
10357,1
10358,1
10359,2
10360,16
10361,13
10362,16
10363,3
10364,4
10365,3
10366,7
10367,7
10368,29
10369,10
10370,11
10371,7
10372,11
10373,20
10374,5
10375,6
10376,18
10377,5
10378,8
10379,13
10380,35
10381,7
10382,5
10383,10
10384,2
10385,12
10386,7
10387,11
10388,2
10389,16
10390,6
10391,8
10392,8
10393,21
10394,19
10395,12
